subject,author,like,link,genre,rating,subscribe,episode,upload,present,avg_like
ความลับของนางฟ้า,เหมียว,5200000.0,https://www.webtoons.com/th/romance/goddess/list?title_no=1380,โรแมนซ์,9.77,2200000.0,161.0,วันอังคาร,ยังไม่จบ,32298.14
การแต่งงานครั้งใหม่ของจักรพรรดินี,อัลฟาทาร์ต / ซุมพุล,1700000.0,https://www.webtoons.com/th/romantic-fantasy/remarried-queen/list?title_no=1799,โรแมนซ์แฟนตาซี,9.88,636700.0,79.0,วันเสาร์,ยังไม่จบ,21518.99
เมื่อฉันต้องไปอยู่โรงเรียนชายล้วน,Caramel_Kung,77902.0,https://www.webtoons.com/th/romance/boys-highschool/list?title_no=2651,โรแมนซ์,9.84,159800.0,7.0,วันพุธ,ยังไม่จบ,11128.86
เสือดำขย้ำหัวใจ,ยอซึลกี / Teava,241523.0,https://www.webtoons.com/th/romantic-fantasy/i-raised-a-beast/list?title_no=2452,โรแมนซ์แฟนตาซี,9.93,262300.0,15.0,วันอังคาร,ยังไม่จบ,16101.53
ตื่นมาอีกทีก็มีพระเอกนอนอยู่ข้างๆ ?!,MSG / Teava,651763.0,https://www.webtoons.com/th/romantic-fantasy/firstnight/list?title_no=2130,โรแมนซ์แฟนตาซี,9.84,327100.0,40.0,วันอาทิตย์,ยังไม่จบ,16294.08
หนีรักจักรพรรดิบ้าเลือด,รยูรัน / SF_JD,156536.0,https://www.webtoons.com/th/romantic-fantasy/tyrants-baby/list?title_no=2332,โรแมนซ์แฟนตาซี,9.84,207700.0,13.0,วันจันทร์,ยังไม่จบ,12041.23
Summer Night ความลับในคืนฤดูร้อน,Boran / Jormungand,2000000.0,https://www.webtoons.com/th/romance/summer-night/list?title_no=1309,โรแมนซ์,9.75,669400.0,167.0,วันเสาร์,ยังไม่จบ,11976.05
รักลับๆ ของฉันกับศาสตราจารย์จอมเฮี้ยบ,อูยาเสี่ยวอี้ / ลีลีกวาลี,362398.0,https://www.webtoons.com/th/romance/me-and-my-professor/list?title_no=2170,โรแมนซ์,9.62,347600.0,35.0,วันเสาร์,ยังไม่จบ,10354.23
ชาตินี้ก็ฝากด้วยนะ,ลีฮเย,419246.0,https://www.webtoons.com/th/romance/this-life/list?title_no=2112,โรแมนซ์,9.94,248100.0,34.0,วันอาทิตย์,ยังไม่จบ,12330.76
คุณหนูครับ รับรักผมที,ซอกอู,75693.0,https://www.webtoons.com/th/romance/clueless-girl/list?title_no=2568,โรแมนซ์,9.84,159600.0,9.0,วันอาทิตย์,ยังไม่จบ,8410.33
ช่วยด้วย ผมโดนเธอคุมหัวใจ,Xuann,29950.0,https://www.webtoons.com/th/romance/do-as-i-say/list?title_no=2685,โรแมนซ์,9.85,93700.0,5.0,วันอังคาร,ยังไม่จบ,5990.0
ท่านภูตใจดีกับนกไนติงเกล,AB / 8CAT,23840.0,https://www.webtoons.com/th/romantic-fantasy/gentle-goblins-bird/list?title_no=2687,โรแมนซ์แฟนตาซี,9.87,98100.0,4.0,วันเสาร์,ยังไม่จบ,5960.0
Take My Money รักนี้...มีเปย์,AlohaDRY,1500000.0,https://www.webtoons.com/th/romance/take-my-money/list?title_no=1670,โรแมนซ์,9.85,644300.0,95.0,วันพฤหัสบดี,ยังไม่จบ,15789.47
บันทึกรักของแม่มดกับนายมังกร,Dimang / New lung,269455.0,https://www.webtoons.com/th/romantic-fantasy/witchs-wedding-diary/list?title_no=2353,โรแมนซ์แฟนตาซี,9.83,258899.99999999997,25.0,วันพุธ,ยังไม่จบ,10778.2
รังรักจักรพรรดินี,เฮียรี / ยองบิน,184219.0,https://www.webtoons.com/th/romantic-fantasy/men-of-harem/list?title_no=2437,โรแมนซ์แฟนตาซี,9.86,181500.0,18.0,วันพฤหัสบดี,ยังไม่จบ,10234.39
ชีวิตมหา’ลัยที่ฝันไว้..มันต้องไม่ใช่แบบนี้สิ!,Kai2536,677255.0,https://www.webtoons.com/th/romance/campus/list?title_no=1766,โรแมนซ์,9.88,316400.0,61.0,วันจันทร์,ยังไม่จบ,11102.54
ฉันเป็นเพื่อนสาวของพระเอก,คาคน / รยูฮีอน,381155.0,https://www.webtoons.com/th/romantic-fantasy/im-the-girl-friend/list?title_no=2237,โรแมนซ์แฟนตาซี,9.76,301800.0,34.0,วันจันทร์,ยังไม่จบ,11210.44
เจ้าหญิงผมดำกับเจ้าชายผมแดง,Ellianyang / Pang-e,536303.0,https://www.webtoons.com/th/romantic-fantasy/royal-princess/list?title_no=2103,โรแมนซ์แฟนตาซี,9.81,272500.0,47.0,วันจันทร์,ยังไม่จบ,11410.7
ฉันจะแต่งงานกับฝ่าบาทเองค่ะ,คารุมก / คัลชีกุอิ,351288.0,https://www.webtoons.com/th/romantic-fantasy/i-will-marry-him-then/list?title_no=2285,โรแมนซ์แฟนตาซี,9.77,289800.0,30.0,วันศุกร์,ยังไม่จบ,11709.6
รักใสๆ หัวใจบลอสซั่ม,NEMONE / ฮงดอก,325159.0,https://www.webtoons.com/th/romance/youth-blossom/list?title_no=2214,โรแมนซ์,9.9,205900.0,35.0,วันจันทร์,ยังไม่จบ,9290.26
ปาฏิหาริย์บันได 13 ขั้น,Zenyu / จูยองฮา,13610.0,https://www.webtoons.com/th/romance/stairway-of-time/list?title_no=2686,โรแมนซ์,9.65,55100.0,4.0,วันศุกร์,ยังไม่จบ,3402.5
อย่ามาหลอกซะให้ยาก,aurum;) / yoyongSAN,243335.0,https://www.webtoons.com/th/romance/dont-fool-me/list?title_no=2292,โรแมนซ์,9.71,165800.0,29.0,วันพุธ,ยังไม่จบ,8390.86
เสี่ยงหัวใจมารักนายต้องคำสาป,แมวอ้วนถลาลม,23384.0,https://www.webtoons.com/th/romance/cursed-boy/list?title_no=2512,โรแมนซ์,9.77,67100.0,6.0,วันอาทิตย์,ยังไม่จบ,3897.33
เลดี้อิงกริด,เรดพาร์สลีย์,489171.0,https://www.webtoons.com/th/romantic-fantasy/white-deer-ingrid/list?title_no=1979,โรแมนซ์แฟนตาซี,9.44,225700.0,58.0,วันเสาร์,ยังไม่จบ,8433.98
Love Lock...ไขหัวใจนายวายร้าย ,clevercool,661123.0,https://www.webtoons.com/th/romance/teshulianren/list?title_no=1775,โรแมนซ์,9.82,351300.0,70.0,วันจันทร์,ยังไม่จบ,9444.61
เพราะฉันไม่ใช่นางเอก,คีแมงกิ,634572.0,https://www.webtoons.com/th/drama/heroine-disqualified/list?title_no=1888,ดราม่า,9.69,363300.0,66.0,วันศุกร์,ยังไม่จบ,9614.73
ราวลมพัดกิ่งไม้แห้ง,ดัลแซอุล / ฮวาอึม,207388.0,https://www.webtoons.com/th/romantic-fantasy/cursed-blessing/list?title_no=2330,โรแมนซ์แฟนตาซี,9.89,145200.0,28.0,วันพฤหัสบดี,ยังไม่จบ,7406.71
เมื่อสามีจอมบงการของฉันเปลี่ยนไป,ลันเทเชียส / ชังบี,248935.0,https://www.webtoons.com/th/romantic-fantasy/tyrant-husband/list?title_no=2336,โรแมนซ์แฟนตาซี,9.7,244500.0,27.0,วันพุธ,ยังไม่จบ,9219.81
ถูกใจนายติดอ่างที่รัก,แผ่นทองสีดำ,115657.0,https://www.webtoons.com/th/bl-gl/my-stuttering-sweetheart/list?title_no=2389,วาย,9.83,79800.0,17.0,วันจันทร์,ยังไม่จบ,6803.35
มงกุฎเงา,ชานก / แฮวี,139764.0,https://www.webtoons.com/th/bl-gl/shadow-crown/list?title_no=2434,วาย,9.65,140400.0,19.0,วันจันทร์,ยังไม่จบ,7356.0
ชั่วโมงที่ 25,VICMON,15055.0,https://www.webtoons.com/th/romance/25th-hour/list?title_no=2513,โรแมนซ์,9.53,48300.0,5.0,วันเสาร์,ยังไม่จบ,3011.0
Buddy Marry ไม่ใช่เธอไม่แต่งหรอกนะ!,หันหรร,3600000.0,https://www.webtoons.com/th/romance/buddy-marry/list?title_no=511,โรแมนซ์,9.78,1000000.0,253.0,วันพฤหัสบดี,ยังไม่จบ,14229.25
สาวน้อย180,นาอูวอน / เดลล่า,490071.0,https://www.webtoons.com/th/drama/girl-180/list?title_no=2047,ดราม่า,9.82,252600.0,53.0,วันอังคาร,ยังไม่จบ,9246.62
ตัวร้ายสุดที่รัก,Myoung rang / Zetson,1000000.0,https://www.webtoons.com/th/romantic-fantasy/savior/list?title_no=1800,โรแมนซ์แฟนตาซี,9.83,391300.0,85.0,วันจันทร์,ยังไม่จบ,11764.71
บุปผาซ่อนจันทร์,Oh Su Jin / Cho Eun Dam,31614.0,https://www.webtoons.com/th/romance/flower-of-beast/list?title_no=2631,โรแมนซ์,9.72,77100.0,8.0,วันพุธ,ยังไม่จบ,3951.75
Between Two Lips,TEN-KEI,78504.0,https://www.webtoons.com/th/romantic-fantasy/between-two-lips/list?title_no=2451,โรแมนซ์แฟนตาซี,7.89,117800.0,17.0,วันพฤหัสบดี,ยังไม่จบ,4617.88
สัมผัสรักแตะใจเธอ,ซนพัง / ลีดัลอา,179734.0,https://www.webtoons.com/th/romance/touch-touch-u/list?title_no=2281,โรแมนซ์,9.86,159000.0,31.0,วันพฤหัสบดี,ยังไม่จบ,5797.87
ลุ้นรักป่วนใจนายไฮโซ,คิมจิซู,759904.0,https://www.webtoons.com/th/romance/high-social/list?title_no=1636,โรแมนซ์,9.71,278700.0,101.0,วันพุธ,ยังไม่จบ,7523.8
รูมเมตฉันคือคุณชายจิ้งจอก,นา,6858.0,https://www.webtoons.com/th/romance/my-roommate-is-a-gumiho/list?title_no=2804,โรแมนซ์,9.56,29100.0,3.0,วันพุธ,ยังไม่จบ,2286.0
คู่รักวิวาห์ต้องห้าม,Chun Ji hye / ซันแช็ก,620724.0,https://www.webtoons.com/th/romance/no-marriage/list?title_no=1765,โรแมนซ์,9.84,310100.0,82.0,วันศุกร์,ยังไม่จบ,7569.8
ผู้ประกาศข่าวที่รัก,MILKA / Z6,40166.0,https://www.webtoons.com/th/romance/berita-cinta/list?title_no=2553,โรแมนซ์,9.81,70700.0,10.0,วันพุธ,ยังไม่จบ,4016.6
MAY I ขอรักเธอได้ไหม?,Narusha Dithabenjakul / SsM SlitheringMe,1200000.0,https://www.webtoons.com/th/bl-gl/may-i/list?title_no=1373,วาย,9.76,534800.0,155.0,วันศุกร์,ยังไม่จบ,7741.94
Playlist สื่อรัก,2F,59550.0,https://www.webtoons.com/th/romance/play-flea/list?title_no=2524,โรแมนซ์,9.86,80200.0,13.0,วันพฤหัสบดี,ยังไม่จบ,4580.77
My Pre-Wedding,Annisa Nisfihani,2200000.0,https://www.webtoons.com/th/romance/pasturi-gaje/list?title_no=717,โรแมนซ์,9.84,1000000.0,204.0,วันพฤหัสบดี,ยังไม่จบ,10784.31
อริร้าย กลายรัก,แทกอน / จองยุน,211124.0,https://www.webtoons.com/th/romance/love-your-enemy/list?title_no=2144,โรแมนซ์,9.82,168100.0,40.0,วันศุกร์,ยังไม่จบ,5278.1
Princess without a heart เจ้าหญิงและหัวใจที่หายไป,Lingling44,49812.0,https://www.webtoons.com/th/romance/princess-without-a-heart/list?title_no=2497,โรแมนซ์,9.9,67200.0,11.0,วันพุธ,ยังไม่จบ,4528.36
คู่รักหวานซ่อนเปรี้ยว,จังกรีน / โฟลว์บี,130367.0,https://www.webtoons.com/th/romance/bloody-sweet-couple/list?title_no=2288,โรแมนซ์,9.71,100300.0,29.0,วันเสาร์,ยังไม่จบ,4495.41
รักแรกของหญิงทรงเจ้า,อันซูมิน,367682.0,https://www.webtoons.com/th/romance/gyeonwoo/list?title_no=2017,โรแมนซ์,9.84,194700.0,56.0,วันพฤหัสบดี,ยังไม่จบ,6565.75
อร่อยนัก รักรุ่นน้อง,นายอง / ซึงอู,208277.0,https://www.webtoons.com/th/romance/nianxiade/list?title_no=2081,โรแมนซ์,8.67,131400.0,48.0,วันอาทิตย์,ยังไม่จบ,4339.1
แด่เธอผู้ครอบครองดวงดาว,ARI,199652.0,https://www.webtoons.com/th/romance/swallow-the-star/list?title_no=2157,โรแมนซ์,9.77,166300.0,40.0,วันเสาร์,ยังไม่จบ,4991.3
วาร์ปรักเสิร์ฟใจคุณนักเขียน,ทู่เกอเชาเปากู่ / ป๋ายสยง,106922.0,https://www.webtoons.com/th/romance/xindongshunyi/list?title_no=2386,โรแมนซ์,9.86,108700.0,22.0,วันพุธ,ยังไม่จบ,4860.09
Lily Boy อยากสวยช่วยผมหน่อย,Sochicz,952234.0,https://www.webtoons.com/th/bl-gl/lily-boy/list?title_no=1568,วาย,9.83,348000.0,110.0,วันจันทร์,ยังไม่จบ,8656.67
 รีเทิร์นกันไหมยัยแฟนเก่า,ฮีตก / คังฮาดา,210193.0,https://www.webtoons.com/th/romance/ex-has-a-crush-on-me/list?title_no=2161,โรแมนซ์,9.7,183200.0,40.0,วันพฤหัสบดี,ยังไม่จบ,5254.82
ชินบี,พันจี,291939.0,https://www.webtoons.com/th/romance/mystique/list?title_no=2014,โรแมนซ์,9.86,237100.0,47.0,วันอังคาร,ยังไม่จบ,6211.47
พระเอกของฉันคือพระรอง,Soy,206015.0,https://www.webtoons.com/th/romance/sub-complex/list?title_no=2160,โรแมนซ์,9.74,119800.0,38.0,วันพุธ,ยังไม่จบ,5421.45
ความรักลับๆ ของนายแอปเปิ้ลเขียว,อิกซุก / นักวอน,590120.0,https://www.webtoons.com/th/bl-gl/green-apple/list?title_no=1750,วาย,9.9,248900.0,89.0,วันจันทร์,ยังไม่จบ,6630.56
ระยะหัวใจ ใกล้แค่30นาที,ลีอนโด,642524.0,https://www.webtoons.com/th/heartwarming/30fen/list?title_no=1764,อบอุ่นหัวใจ,9.92,158800.0,106.0,วันอังคาร,ยังไม่จบ,6061.55
Blooming Days ก่อนดอกรักจะผลิบาน,Siradasue,57349.0,https://www.webtoons.com/th/romance/blooming-days/list?title_no=2457,โรแมนซ์,9.88,60800.0,14.0,วันศุกร์,ยังไม่จบ,4096.36
เปลี่ยนยัยตัวร้ายให้เป็นยัยน่ารัก,Yoo Jong Pyo,400014.0,https://www.webtoons.com/th/romance/girl-bully/list?title_no=1626,โรแมนซ์,8.79,268200.0,102.0,วันอาทิตย์,ยังไม่จบ,3921.71
Sweetie Calories ฟิตหุ่นลุ้นรัก,JISARA,55041.0,https://www.webtoons.com/th/romance/sweetie-calories/list?title_no=2418,โรแมนซ์,8.36,50900.0,19.0,วันเสาร์,ยังไม่จบ,2896.89
ตกหลุมรัก นายช่างแต่งหน้า,LEE YEON,774284.0,https://www.webtoons.com/th/drama/makeupman/list?title_no=1614,ดราม่า,9.72,328200.0,106.0,วันจันทร์,ยังไม่จบ,7304.57
Marry Me ถ้าให้ดีมาแต่งงานกัน,Miku Yuki,250614.0,https://www.webtoons.com/th/romance/marry-me/list?title_no=1927,โรแมนซ์,9.87,109000.0,62.0,วันจันทร์,ยังไม่จบ,4042.16
รักใสๆ ของยอนอู,ลีซล,91978.0,https://www.webtoons.com/th/romance/yeonwoo/list?title_no=2335,โรแมนซ์,9.84,77300.0,25.0,วันอังคาร,ยังไม่จบ,3679.12
รุ่นพี่ ลิปนี้อย่าทาเลยครับ,Cafelatte / JINHA,48558.0,https://www.webtoons.com/th/romance/sunbae-lipstick/list?title_no=2436,โรแมนซ์,9.33,76200.0,16.0,วันศุกร์,ยังไม่จบ,3034.88
ดอกไม้ของแวมไพร์,BULSA,495790.0,https://www.webtoons.com/th/romantic-fantasy/the-flower-of-vampire/list?title_no=1602,โรแมนซ์แฟนตาซี,9.73,251000.0,101.0,วันจันทร์,ยังไม่จบ,4908.81
เรื่องเล่าของพี่สาวที่ออฟฟิศ,วาซักบาซัก / คิมจาเน,47335.0,https://www.webtoons.com/th/romance/office-her/list?title_no=2387,โรแมนซ์,9.59,65600.0,20.0,วันพฤหัสบดี,ยังไม่จบ,2366.75
แกล้งรักพิสูจน์ใจ,Liang Azha,267894.0,https://www.webtoons.com/th/bl-gl/starting-with-a-lie/list?title_no=1889,วาย,9.89,133700.0,65.0,วันพุธ,ยังไม่จบ,4121.45
Mermaid's Classroom คลาสเรียนลับฉบับนางเงือก,ยงชาน,395891.0,https://www.webtoons.com/th/romance/swimmingclass/list?title_no=1711,โรแมนซ์,9.77,183700.0,90.0,วันเสาร์,ยังไม่จบ,4398.79
ลีดูนา!,มินซงอา,300479.0,https://www.webtoons.com/th/romance/doonanoona/list?title_no=1763,โรแมนซ์,9.75,172400.0,84.0,วันพุธ,ยังไม่จบ,3577.13
Age Matters วุ่นรักต่างวัย เจ้านายสุดแสบ,ENJELICIOUS,376164.0,https://www.webtoons.com/th/romance/age-matters/list?title_no=1732,โรแมนซ์,9.8,201000.0,88.0,วันจันทร์,ยังไม่จบ,4274.59
Back to You... ย้อนเวลามาหารัก,ฮันนี่ บี,110493.0,https://www.webtoons.com/th/romance/back-to-you/list?title_no=2279,โรแมนซ์,9.8,92100.0,31.0,วันเสาร์,ยังไม่จบ,3564.29
รักวุ่นๆ ของ บ.ก. สาวหน้าจืด,Nakano Mayaka,186843.0,https://www.webtoons.com/th/romance/love-blooms-late/list?title_no=1980,โรแมนซ์,9.58,115700.0,58.0,วันอาทิตย์,ยังไม่จบ,3221.43
It's Mine เธอเป็นของฉัน,LuckS,548004.0,https://www.webtoons.com/th/thriller/mine/list?title_no=1633,ระทึกขวัญ,9.81,238500.0,102.0,วันอังคาร,ยังไม่จบ,5372.59
สูตรลับฉบับเลิฟ,นัมซู,91818.0,https://www.webtoons.com/th/romance/guide-to-a-good-date/list?title_no=2286,โรแมนซ์,9.91,64300.0,30.0,วันเสาร์,ยังไม่จบ,3060.6
สัญญาเดทกับซาตาน,ชางจิน / อุมบี,369169.0,https://www.webtoons.com/th/romance/devil-no-4/list?title_no=1868,โรแมนซ์,9.74,217700.0,70.0,วันอาทิตย์,ยังไม่จบ,5273.84
เกลียดนักต้องมารักคนอย่างเธอ,Egg Burge / bless,75560.0,https://www.webtoons.com/th/romance/zuitaoyandeni/list?title_no=2340,โรแมนซ์,9.54,108500.0,27.0,วันอังคาร,ยังไม่จบ,2798.52
คุณหนูเกรซที่รัก,Hilde / Mokma,98768.0,https://www.webtoons.com/th/bl-gl/taming-grace/list?title_no=2219,วาย,9.84,73500.0,34.0,วันศุกร์,ยังไม่จบ,2904.94
7 จอมมาร,doublebee,74282.0,https://www.webtoons.com/th/romantic-fantasy/seven-demons/list?title_no=2318,โรแมนซ์แฟนตาซี,9.84,66200.0,28.0,วันพฤหัสบดี,ยังไม่จบ,2652.93
RAIN วันที่ฝนเผาใจ,Queen B / Mungonfly,61488.0,https://www.webtoons.com/th/romance/rain/list?title_no=2373,โรแมนซ์,9.66,62100.0,22.0,วันอังคาร,ยังไม่จบ,2794.91
ในคำโกหก มีความรักซ่อนอยู่,Aporo Kawai,26418.0,https://www.webtoons.com/th/romance/usonimokoigairu/list?title_no=2391,โรแมนซ์,9.58,36000.0,14.0,วันพุธ,ยังไม่จบ,1887.0
เมื่อซินเดอเรลล่าตื่นจากฝัน,ซันชา / ไอโกเม,67354.0,https://www.webtoons.com/th/romance/cinderella/list?title_no=2341,โรแมนซ์,9.41,81400.0,26.0,วันอังคาร,ยังไม่จบ,2590.54
ไอดอลหนุ่มแปลงโฉม,ลีโน / โกจีแอ,80621.0,https://www.webtoons.com/th/drama/reproducing/list?title_no=2218,ดราม่า,9.67,66900.0,35.0,วันพฤหัสบดี,ยังไม่จบ,2303.46
UNLUCKY TODAY,โกลิง,26495.0,https://www.webtoons.com/th/romance/unlucky-today/list?title_no=2459,โรแมนซ์,9.6,33200.0,16.0,วันอาทิตย์,ยังไม่จบ,1655.94
รักตามสั่ง ดั่ง Home Delivery,Komut.art,24601.0,https://www.webtoons.com/th/romance/home-delivery/list?title_no=2469,โรแมนซ์,9.42,30500.0,16.0,วันจันทร์,ยังไม่จบ,1537.56
CEO's Top Secret,ชินจีวอน / ฮันฮเยริน,94084.0,https://www.webtoons.com/th/romance/ceo/list?title_no=2164,โรแมนซ์,9.46,108300.0,40.0,วันอังคาร,ยังไม่จบ,2352.1
สายใยรักอุดมคติ,ยัดกง,47231.0,https://www.webtoons.com/th/romance/ideal-relationship/list?title_no=2329,โรแมนซ์,9.61,38700.0,29.0,วันจันทร์,ยังไม่จบ,1628.66
จัมป์จากโลกการ์ตูน ขอจูนหัวใจเธอ,นิมนี,52079.0,https://www.webtoons.com/th/romance/out-of-cartoon/list?title_no=2215,โรแมนซ์,9.75,61500.0,35.0,วันพุธ,ยังไม่จบ,1487.97
ไลแลค 200%,อานียอง,36990.0,https://www.webtoons.com/th/romance/lilac/list?title_no=2239,โรแมนซ์,9.11,31000.0,32.0,วันจันทร์,ยังไม่จบ,1155.94
Misterioso,ซงอิลกน / อิเจ,45277.0,https://www.webtoons.com/th/bl-gl/misterioso/list?title_no=2167,วาย,9.66,40600.0,38.0,วันอาทิตย์,ยังไม่จบ,1191.5
รักนี้เกินห้ามใจ,จองซอ,50451.0,https://www.webtoons.com/th/romance/though-i-know/list?title_no=2393,โรแมนซ์,9.67,44400.0,4.0,จบแล้ว,จบแล้ว,12612.75
ขออีกทีนะ,ฮงซึงพโย / คุคุ,38391.0,https://www.webtoons.com/th/drama/one-more-time/list?title_no=1495,ดราม่า,9.76,39400.0,1.0,จบแล้ว,จบแล้ว,38391.0
ล็อกหัวใจนาย Bad Boy,คังฮวันยอง / คิมฮยอนอา,898093.0,https://www.webtoons.com/th/romance/bad-boy/list?title_no=573,โรแมนซ์,9.82,413000.0,101.0,จบแล้ว,จบแล้ว,8892.01
Freaking Romance...ให้ตายสิความรัก ,Snailords,1000000.0,https://www.webtoons.com/th/romance/freaking-romance/list?title_no=572,โรแมนซ์,9.86,525500.0,80.0,จบแล้ว,จบแล้ว,12500.0
โอ้! นายผู้ช่วยของผม,MILA / AngryMonster(Yalgae),552606.0,https://www.webtoons.com/th/bl-gl/oh-my-assistant/list?title_no=1543,วาย,9.8,328200.0,3.0,จบแล้ว,จบแล้ว,184202.0
เลือกสาวเบอร์ 101 เป็นราชินีสิ,STUDIO D / เมนานิก,434343.0,https://www.webtoons.com/th/romantic-fantasy/101st-heroine/list?title_no=1814,โรแมนซ์แฟนตาซี,9.63,192000.0,71.0,จบแล้ว,จบแล้ว,6117.51
Corsair ท่องเวลาล่ารัก,MimuRa / PNJ,177901.0,https://www.webtoons.com/th/romantic-fantasy/corsair/list?title_no=2127,โรแมนซ์แฟนตาซี,9.48,129900.0,30.0,จบแล้ว,จบแล้ว,5930.03
Forbidden Word,AlohaDRY,168643.0,https://www.webtoons.com/th/drama/forbidden-word/list?title_no=1356,ดราม่า,9.74,174900.0,17.0,จบแล้ว,จบแล้ว,9920.18
เปลี่ยนฝันร้ายให้กลายเป็นรัก,MomoJi ももじ,1300000.0,https://www.webtoons.com/th/drama/nightmare/list?title_no=1255,ดราม่า,9.9,824700.0,50.0,จบแล้ว,จบแล้ว,26000.0
ยมทูตเจ้าเสน่ห์,เฮียรี / ซังพิล,947673.0,https://www.webtoons.com/th/romance/sweet-grim-reaper/list?title_no=1520,โรแมนซ์,9.84,428800.0,88.0,จบแล้ว,จบแล้ว,10769.01
แว่วเสียงแห่งรัก,Ann,1300000.0,https://www.webtoons.com/th/romance/the-girls-talk-nothing/list?title_no=949,โรแมนซ์,9.81,686200.0,60.0,จบแล้ว,จบแล้ว,21666.67
ปาฏิหาริย์แห่งกาลเวลา,WakeR,1200000.0,https://www.webtoons.com/th/drama/miracle-of-time/list?title_no=895,ดราม่า,9.72,868500.0,115.0,จบแล้ว,จบแล้ว,10434.78
JON คุณชายไร้สติ,ยืนกินปากกาที่ท่าพระ,413648.0,https://www.webtoons.com/th/bl-gl/ai-jon/list?title_no=1656,วาย,9.86,315600.0,7.0,จบแล้ว,จบแล้ว,59092.57
ตึกตักตึกตัก ปิดเล่มรัก นักเขียนสุดแซ่บ,ยอนดู / ซองอี,318516.0,https://www.webtoons.com/th/romance/putongputong/list?title_no=1689,โรแมนซ์,9.17,239800.0,50.0,จบแล้ว,จบแล้ว,6370.32
นาทีนั้นที่ใต้น้ำ,bubu,1000000.0,https://www.webtoons.com/th/romance/shuixianayifenzhong/list?title_no=1256,โรแมนซ์,9.81,803700.0,80.0,จบแล้ว,จบแล้ว,12500.0
ปฏิบัติการแปลงโฉมลูกสาวเจ้าพ่อ,Katin / Moname,3500000.0,https://www.webtoons.com/th/comedy/mafia-daughter/list?title_no=706,ตลก,9.84,1800000.0,11.0,จบแล้ว,จบแล้ว,318181.82
โบตัน ภูตสาวจอมยุ่ง,PrayerGirl,2500000.0,https://www.webtoons.com/th/romance/botan-the-sassy-fairy/list?title_no=504,โรแมนซ์,9.82,753900.0,252.0,จบแล้ว,จบแล้ว,9920.63
อุบัติรักต้องคำสาป,manubi,296654.0,https://www.webtoons.com/th/fantasy/blindness/list?title_no=1634,แฟนตาซี,9.66,206600.0,87.0,จบแล้ว,จบแล้ว,3409.82
ระหว่างเรา...,คิมอินจอง,229594.0,https://www.webtoons.com/th/romance/good-relationship/list?title_no=1563,โรแมนซ์,9.53,146100.0,31.0,จบแล้ว,จบแล้ว,7406.26
Eggnoid,Archie The RedCat,1700000.0,https://www.webtoons.com/th/romance/eggnoid/list?title_no=703,โรแมนซ์,9.82,896500.0,243.0,จบแล้ว,จบแล้ว,6995.88
เมื่อแฟนผมกลายเป็นหนุ่มสุดฮอต,มัสสตาร์,1400000.0,https://www.webtoons.com/th/romance/my-girlfriend-is-a-hot-guy/list?title_no=1447,โรแมนซ์,9.79,516700.00000000006,147.0,จบแล้ว,จบแล้ว,9523.81
Ghost's Wife,เซจอง,1500000.0,https://www.webtoons.com/th/romance/ghost-wife/list?title_no=1337,โรแมนซ์,9.8,527700.0,135.0,จบแล้ว,จบแล้ว,11111.11
ภารกิจรัก ปลดคำสาปร้าย,หมีเผือก,678521.0,https://www.webtoons.com/th/drama/curse-of-lucky-amulet/list?title_no=1526,ดราม่า,9.78,236200.0,110.0,จบแล้ว,จบแล้ว,6168.37
ฮารุของฮานะ,ซอกอู,728724.0,https://www.webtoons.com/th/romance/hanaharu/list?title_no=1043,โรแมนซ์,9.82,278400.0,113.0,จบแล้ว,จบแล้ว,6448.88
เส้นขอบฟ้า,จองจีฮุน,42747.0,https://www.webtoons.com/th/drama/horizon/list?title_no=2169,ดราม่า,9.89,36300.0,3.0,จบแล้ว,จบแล้ว,14249.0
เมื่อรักสัมผัสไม่ได้,มัสสตาร์,1400000.0,https://www.webtoons.com/th/romance/untouchable/list?title_no=389,โรแมนซ์,9.79,846700.0,141.0,จบแล้ว,จบแล้ว,9929.08
ฮันนัมดง เคย์เฮ้าส์,ปาร์คแทจุน,447344.0,https://www.webtoons.com/th/romance/k-house/list?title_no=1501,โรแมนซ์,9.81,294100.0,47.0,จบแล้ว,จบแล้ว,9517.96
สเปกรักสปาร์กใจ,ทารี,240736.0,https://www.webtoons.com/th/romance/favorite-part/list?title_no=2046,โรแมนซ์,9.46,145600.0,11.0,จบแล้ว,จบแล้ว,21885.09
เขี้ยวรักสีส้ม,ซอกอู,1200000.0,https://www.webtoons.com/th/romance/orange-marmalade/list?title_no=330,โรแมนซ์,9.72,759400.0,120.0,จบแล้ว,จบแล้ว,10000.0
สลับร่างนายคู่แฝด,ปาร์คแจซอง / ปาร์คซองแจ,160374.0,https://www.webtoons.com/th/romance/brothers-girl/list?title_no=1813,โรแมนซ์,9.34,124900.0,7.0,จบแล้ว,จบแล้ว,22910.57
รักนี้สะอาดเนี้ยบ,แอ็งโก้,269228.0,https://www.webtoons.com/th/romance/clean-up/list?title_no=2054,โรแมนซ์,9.39,105000.0,30.0,จบแล้ว,จบแล้ว,8974.27
ฟา องครักษ์หญิงจำเป็น,lonely cat,2400000.0,https://www.webtoons.com/th/romantic-fantasy/prince-ledass-knight/list?title_no=1336,โรแมนซ์แฟนตาซี,9.88,812500.0,4.0,จบแล้ว,จบแล้ว,600000.0
ID ของฉันคือดอกไม้พลาสติก,คีแมงกิ,2200000.0,https://www.webtoons.com/th/romance/gangnam-beauty/list?title_no=792,โรแมนซ์,9.85,1000000.0,9.0,จบแล้ว,จบแล้ว,244444.44
โอ้! จูเยซู,อาฮยอน,1200000.0,https://www.webtoons.com/th/romance/oh-jesus/list?title_no=725,โรแมนซ์,9.8,581100.0,142.0,จบแล้ว,จบแล้ว,8450.7
Love Attack ปฏิบัติการรักรุ่นพี่,NAN,508022.0,https://www.webtoons.com/th/bl-gl/love-attack/list?title_no=1511,วาย,9.77,333400.0,1.0,จบแล้ว,จบแล้ว,508022.0
ร้านดอกไม้ต้องห้ามของเวนดี้,Bize / sizh,1200000.0,https://www.webtoons.com/th/romantic-fantasy/wendy/list?title_no=1542,โรแมนซ์แฟนตาซี,9.82,459100.0,8.0,จบแล้ว,จบแล้ว,150000.0
จูบรักปลดล็อก,ลีฮเย,1300000.0,https://www.webtoons.com/th/romance/love-dog/list?title_no=1173,โรแมนซ์,9.87,505800.0,10.0,จบแล้ว,จบแล้ว,130000.0
ฮาเร็มแฝดสี่ล้อมหัวใจเธอ,โซอิ,413288.0,https://www.webtoons.com/th/romance/love-quadruple/list?title_no=1014,โรแมนซ์,9.65,329700.0,52.0,จบแล้ว,จบแล้ว,7947.85
โอปป้าของฉันคือไอดอล​,ซองอึน,1200000.0,https://www.webtoons.com/th/romance/idol/list?title_no=1179,โรแมนซ์,9.79,593600.0,7.0,จบแล้ว,จบแล้ว,171428.57
ครัวง่ายๆ สไตล์เด็กหอ,ซิบบิล,2900000.0,https://www.webtoons.com/th/slice-of-life/lazy-cooking/list?title_no=646,ชีวิตประจำวัน,9.82,1300000.0,3.0,จบแล้ว,จบแล้ว,966666.67
Touched Love สัมผัสรักล้นใจ,PuGun25,475092.0,https://www.webtoons.com/th/romance/touched-love/list?title_no=1505,โรแมนซ์,9.78,257899.99999999997,5.0,จบแล้ว,จบแล้ว,95018.4
แอนตี้แฟนกับนายท็อปสตาร์จอมเฟค,Jaerim,869697.0,https://www.webtoons.com/th/romance/anti-fan/list?title_no=1600,โรแมนซ์,9.72,429400.0,7.0,จบแล้ว,จบแล้ว,124242.43
Spirit Fingers,ฮันคยองชัล,1500000.0,https://www.webtoons.com/th/drama/spirit-fingers/list?title_no=1044,ดราม่า,9.93,313300.0,168.0,จบแล้ว,จบแล้ว,8928.57
Sweet EscapE,kiyoshin_,1000000.0,https://www.webtoons.com/th/romance/sweet-escape/list?title_no=1167,โรแมนซ์,9.82,512900.0,139.0,จบแล้ว,จบแล้ว,7194.24
จดหมายของยอน,โจฮยอนอา,80752.0,https://www.webtoons.com/th/drama/yeons-letter/list?title_no=1459,ดราม่า,9.89,93600.0,10.0,จบแล้ว,จบแล้ว,8075.2
Seventeen,PlayList,55286.0,https://www.webtoons.com/th/romance/seventeen/list?title_no=1077,โรแมนซ์,8.64,123300.0,8.0,จบแล้ว,จบแล้ว,6910.75
Superstar,คิมแจฮัน,570625.0,https://www.webtoons.com/th/drama/superstar/list?title_no=1042,ดราม่า,9.71,282500.0,97.0,จบแล้ว,จบแล้ว,5882.73
เพื่อนร่วมบ้าน ล่องหน,จองซอ,545552.0,https://www.webtoons.com/th/romance/my-ghost-roomie/list?title_no=704,โรแมนซ์,9.79,480100.0,5.0,จบแล้ว,จบแล้ว,109110.4
Listen to me ,แมวอ้วนถลาลม,458884.0,https://www.webtoons.com/th/heartwarming/listen-to-me/list?title_no=1594,อบอุ่นหัวใจ,9.75,252900.0,5.0,จบแล้ว,จบแล้ว,91776.8
Siren's Lament,instantmiso,907541.0,https://www.webtoons.com/th/romance/sirens-lament/list?title_no=724,โรแมนซ์,9.76,531500.0,195.0,จบแล้ว,จบแล้ว,4654.06
Perfect Honeymoon,east wind / jeong min. P,196694.0,https://www.webtoons.com/th/romance/perfect-honeymoon/list?title_no=1166,โรแมนซ์,9.82,159300.0,27.0,จบแล้ว,จบแล้ว,7284.96
เมื่อฉันหลงเข้าไปอยู่ในยุคสามก๊ก,"B. DALGUNG / อียูจอง, ซาบังพัทปัง",210017.0,https://www.webtoons.com/th/fantasy/yubi/list?title_no=1650,แฟนตาซี,8.55,151400.0,6.0,จบแล้ว,จบแล้ว,35002.83
แผนการรักของยัยมารร้าย,Hatorik,399731.0,https://www.webtoons.com/th/romance/love-mission/list?title_no=1801,โรแมนซ์,9.41,238100.0,6.0,จบแล้ว,จบแล้ว,66621.83
คู่จิ้นวายเจ้าชายวัยซ่า,แจอา / ซีอา,650673.0,https://www.webtoons.com/th/romance/princes-prince/list?title_no=580,โรแมนซ์,9.7,368000.0,89.0,จบแล้ว,จบแล้ว,7310.93
โอปป้า โชซอนสไตล์,Dororong,141425.0,https://www.webtoons.com/th/drama/got-boys/list?title_no=1748,ดราม่า,9.56,80600.0,55.0,จบแล้ว,จบแล้ว,2571.36
โอฮาโย ยูซัง!,Yong Swen,195537.0,https://www.webtoons.com/th/slice-of-life/ohayo-yu-san/list?title_no=736,ชีวิตประจำวัน,9.78,220400.0,24.0,จบแล้ว,จบแล้ว,8147.38
ทางของฉัน ฝันของเธอ,ส้มฉุน,666655.0,https://www.webtoons.com/th/drama/my-way-your-dream/list?title_no=1387,ดราม่า,9.64,260100.00000000003,77.0,จบแล้ว,จบแล้ว,8657.86
365 days limited lover,lonely cat,1300000.0,https://www.webtoons.com/th/romance/365-days-limited-lover/list?title_no=705,โรแมนซ์,9.91,808700.0,2.0,จบแล้ว,จบแล้ว,650000.0
Honey Honey Wedding,มุนนายอง,1700000.0,https://www.webtoons.com/th/romance/honey-honey-wedding/list?title_no=1308,โรแมนซ์,9.81,725200.0,8.0,จบแล้ว,จบแล้ว,212500.0
Sketched Love วาดรักละลายใจ,PuGun25,181250.0,https://www.webtoons.com/th/romance/sketched-love/list?title_no=2013,โรแมนซ์,9.6,107200.0,4.0,จบแล้ว,จบแล้ว,45312.5
ผู้พิทักษ์,คิมแทคยอง,644599.0,https://www.webtoons.com/th/drama/my-bodyguard/list?title_no=1094,ดราม่า,9.7,191400.0,177.0,จบแล้ว,จบแล้ว,3641.8
รวมเรื่องสั้นจากประตูสู่ดาว 2017,Various Artists,347750.0,https://www.webtoons.com/th/drama/trainingcamp/list?title_no=1045,ดราม่า,9.9,190500.0,30.0,จบแล้ว,จบแล้ว,11591.67
Fourth of July มีรักต้องประกาศ,doublebee,934934.0,https://www.webtoons.com/th/romance/fourth-of-july/list?title_no=559,โรแมนซ์,9.77,434800.0,97.0,จบแล้ว,จบแล้ว,9638.49
โลกสองใบ,Jongjin,108313.0,https://www.webtoons.com/th/romance/inmydream/list?title_no=1699,โรแมนซ์,9.6,64500.0,3.0,จบแล้ว,จบแล้ว,36104.33
แฟนเดย์..แฟนกันแค่วันเดียว,CARTOONTHAI STUDIO,36674.0,https://www.webtoons.com/th/romance/fan-day/list?title_no=741,โรแมนซ์,9.18,101100.0,4.0,จบแล้ว,จบแล้ว,9168.5
ทฤษฎีรัก บำบัดหัวใจ,Hatorik,1100000.0,https://www.webtoons.com/th/drama/love-theory/list?title_no=1234,ดราม่า,9.8,658900.0,5.0,จบแล้ว,จบแล้ว,220000.0
Honey Honey Wedding,โนซึงอา / บาร์ท,29596.0,https://www.webtoons.com/th/web-novel/honey-honey-wedding-novel/list?title_no=1533,นิยาย,8.51,88500.0,14.0,จบแล้ว,จบแล้ว,2114.0
Dear Diary สวัสดีความทรงจำ,KOMAI กอไหม,1600000.0,https://www.webtoons.com/th/heartwarming/dear-diary-hello-memories/list?title_no=503,อบอุ่นหัวใจ,9.81,783600.0,9.0,จบแล้ว,จบแล้ว,177777.78
รวมเรื่องสั้นจากประตูสู่ดาว 2018,Various Artists,172792.0,https://www.webtoons.com/th/drama/trainingcamp/list?title_no=1428,ดราม่า,9.85,113300.0,24.0,จบแล้ว,จบแล้ว,7199.67
รักนี้ไม่มีรีทัช,jellyfish / Dohin.e,963055.0,https://www.webtoons.com/th/drama/unretouchable-love/list?title_no=1544,ดราม่า,9.59,305100.0,11.0,จบแล้ว,จบแล้ว,87550.45
Goldfish Girl Wonder สาวปลาทองต้องเป็นของฉัน,NEOYUYU,260675.0,https://www.webtoons.com/th/romance/ggw/list?title_no=1816,โรแมนซ์,9.75,133300.0,4.0,จบแล้ว,จบแล้ว,65168.75
รวมเรื่องสั้นจากประตูสู่ดาว 2019,Various Artists,129160.0,https://www.webtoons.com/th/drama/trainingcamp/list?title_no=1696,ดราม่า,9.68,68300.0,30.0,จบแล้ว,จบแล้ว,4305.33
รักนะ เจ้านายของผม,ซังซู,290079.0,https://www.webtoons.com/th/romance/my-master/list?title_no=1293,โรแมนซ์,9.62,190000.0,84.0,จบแล้ว,จบแล้ว,3453.32
กับดักรัก ดักหัวใจ,ซุนกิ,599925.0,https://www.webtoons.com/th/romance/cheese-in-the-trap/list?title_no=314,โรแมนซ์,9.69,188400.0,300.0,จบแล้ว,จบแล้ว,1999.75
Eye of love,Jareenun,636175.0,https://www.webtoons.com/th/drama/eye-of-love/list?title_no=1424,ดราม่า,9.72,157900.0,8.0,จบแล้ว,จบแล้ว,79521.88
Petrichor ไอดินกับกลิ่นฝน,Butter Sweet,832943.0,https://www.webtoons.com/th/romance/petrichor/list?title_no=1472,โรแมนซ์,9.82,327800.0,7.0,จบแล้ว,จบแล้ว,118991.86
รักอลวนของคนใกล้ตัว,โอ มโย,174267.0,https://www.webtoons.com/th/romance/the-stories-of-those-around-me/list?title_no=474,โรแมนซ์,9.62,132100.0,60.0,จบแล้ว,จบแล้ว,2904.45
Promise in LOVE สัญญาต้องเป็นสัญญา,sec / Lostfeel,491695.0,https://www.webtoons.com/th/romance/promise-in-love/list?title_no=899,โรแมนซ์,9.59,263200.0,104.0,จบแล้ว,จบแล้ว,4727.84
Mind core ภาวะของหัวใจ,ภาวิดา ยิ่งประเสริฐ,103941.0,https://www.webtoons.com/th/drama/mind-core/list?title_no=1690,ดราม่า,9.64,65400.00000000001,5.0,จบแล้ว,จบแล้ว,20788.2
Love on Track,SsM SlitheringMe,87025.0,https://www.webtoons.com/th/romance/love-on-track/list?title_no=1041,โรแมนซ์,9.76,105200.0,20.0,จบแล้ว,จบแล้ว,4351.25
คังบยอน,พัคยุนยอง,363033.0,https://www.webtoons.com/th/romance/riverside/list?title_no=1178,โรแมนซ์,9.19,69400.0,199.0,จบแล้ว,จบแล้ว,1824.29
สาวน้อยร้อยช่าง,เจ๊จ๋าเจ๊,195746.0,https://www.webtoons.com/th/slice-of-life/the-diy-girl/list?title_no=737,ชีวิตประจำวัน,9.72,185800.0,40.0,จบแล้ว,จบแล้ว,4893.65
Friendship เพื่อนกันนานเวอร์,CHANATORNs,118614.0,https://www.webtoons.com/th/drama/friendship/list?title_no=562,ดราม่า,9.57,96500.0,30.0,จบแล้ว,จบแล้ว,3953.8
Love Exchange ความรักแลกเปลี่ยน,คุณนกฮูก,1500000.0,https://www.webtoons.com/th/romance/love-exchange/list?title_no=605,โรแมนซ์,9.68,698200.0,7.0,จบแล้ว,จบแล้ว,214285.71
ยูมิกับเซลล์สมองสุดอลเวง,ดงกอน ลี,984744.0,https://www.webtoons.com/th/slice-of-life/yumi-cell/list?title_no=587,ชีวิตประจำวัน,9.65,147400.0,10.0,จบแล้ว,จบแล้ว,98474.4
Untold Love Stories,@Lingjaidee,62296.0,https://www.webtoons.com/th/heartwarming/untold-love-stories/list?title_no=691,อบอุ่นหัวใจ,9.63,65900.0,13.0,จบแล้ว,จบแล้ว,4792.0
Pastel Love,applesoda,217087.0,https://www.webtoons.com/th/bl-gl/pastel-love/list?title_no=2092,วาย,9.89,158000.0,31.0,วันศุกร์,ยังไม่จบ,7002.81
My Deepest Secret ปมลับซ่อนลึก,ฮันซ่า,317075.0,https://www.webtoons.com/th/drama/my-deepest-secret/list?title_no=1734,ดราม่า,9.79,134200.0,69.0,วันพฤหัสบดี,ยังไม่จบ,4595.29
กับดักหัวใจของนายยิ้มหวาน,แอ็งโก้,245411.0,https://www.webtoons.com/th/romance/your-smile-is-a-trap/list?title_no=1978,โรแมนซ์,9.84,139800.0,39.0,วันศุกร์,ยังไม่จบ,6292.59
กรุ่นไอรักรสช็อกโกแลต,Ann,689697.0,https://www.webtoons.com/th/romance/choco-latte/list?title_no=1671,โรแมนซ์,9.84,290300.0,63.0,วันเสาร์,ยังไม่จบ,10947.57
ลิขิตรักข้ามมิติ,รัมกึล / RYU,543468.0,https://www.webtoons.com/th/fantasy/fate-arrow/list?title_no=1637,แฟนตาซี,9.85,286300.0,51.0,วันพุธ,ยังไม่จบ,10656.24
มเหสีหลงยุค ยินดีให้บริการค่ะ,Peralta / Eunyoung,549501.0,https://www.webtoons.com/th/romantic-fantasy/what-the-queen/list?title_no=1668,โรแมนซ์แฟนตาซี,9.81,347700.0,43.0,วันพฤหัสบดี,ยังไม่จบ,12779.09
Love Indeed รัก...ใช่รึเปล่า,crosswalk741,1300000.0,https://www.webtoons.com/th/heartwarming/love-indeed/list?title_no=978,อบอุ่นหัวใจ,9.77,556300.0,118.0,วันอาทิตย์,ยังไม่จบ,11016.95
อยู่ๆ ฉันก็กลายเป็นเจ้าหญิง,Plutus / Spoon,2700000.0,https://www.webtoons.com/th/romantic-fantasy/became-a-princess/list?title_no=1625,โรแมนซ์แฟนตาซี,9.88,951200.0,93.0,วันพุธ,ยังไม่จบ,29032.26
จักรพรรดิเย็นชา ย้อนเวลาหารัก,ฮวายอง / ยงกึ,41601.0,https://www.webtoons.com/th/romantic-fantasy/emperor-time/list?title_no=2650,โรแมนซ์แฟนตาซี,9.86,115300.0,5.0,วันจันทร์,ยังไม่จบ,8320.2
โปรดระวังด้ายแดง,คิวมิน / ชินจีซัง,21333.0,https://www.webtoons.com/th/romantic-fantasy/beware-the-red-thread/list?title_no=2755,โรแมนซ์แฟนตาซี,9.88,96400.0,3.0,วันศุกร์,ยังไม่จบ,7111.0
หนุ่มหล่อกับเจ้าหญิงอสูร,ยูอึน / LB,22546.0,https://www.webtoons.com/th/romantic-fantasy/hot-guy-and-a-beast/list?title_no=2808,โรแมนซ์แฟนตาซี,9.89,96700.0,3.0,วันอังคาร,ยังไม่จบ,7515.33
Angelic Lady,ซูซู / วาฟเฟิลพู,64433.0,https://www.webtoons.com/th/romantic-fantasy/angelic-lady/list?title_no=2648,โรแมนซ์แฟนตาซี,9.84,121000.0,7.0,วันเสาร์,ยังไม่จบ,9204.71
รักหมดใจ ยัยแม่มด,โซรึมอีดัง / คยอนี,89407.0,https://www.webtoons.com/th/romantic-fantasy/hansel-and-gretel/list?title_no=2552,โรแมนซ์แฟนตาซี,9.89,133600.0,10.0,วันอาทิตย์,ยังไม่จบ,8940.7
ชิงชีวิตพลิกลิขิตชะตา,ซัม,964371.0,https://www.webtoons.com/th/romantic-fantasy/i-wanna-be-u/list?title_no=1874,โรแมนซ์แฟนตาซี,9.87,363300.0,69.0,วันอาทิตย์,ยังไม่จบ,13976.39
เลือดของคุณจีเซล,Lee Yunji,59723.0,https://www.webtoons.com/th/romantic-fantasy/blood-of-giselle/list?title_no=2629,โรแมนซ์แฟนตาซี,9.59,137700.0,8.0,วันอาทิตย์,ยังไม่จบ,7465.38
พระรองคนนั้น ฉันขอเถอะนะ,Hwang DoTol / จองซอ,106171.0,https://www.webtoons.com/th/romantic-fantasy/sub-guy/list?title_no=2500,โรแมนซ์แฟนตาซี,9.74,127600.0,13.0,วันศุกร์,ยังไม่จบ,8167.0
เชลยรัก นางนกต่อ,Hayeon / Charles,20771.0,https://www.webtoons.com/th/romantic-fantasy/double-agent/list?title_no=2679,โรแมนซ์แฟนตาซี,9.62,54200.0,6.0,วันศุกร์,ยังไม่จบ,3461.83
จุมพิตรักพันธสัญญาแวมไพร์,Midnight Tea,34501.0,https://www.webtoons.com/th/romantic-fantasy/vampire-promise-kiss/list?title_no=2390,โรแมนซ์แฟนตาซี,9.28,55900.0,18.0,วันจันทร์,ยังไม่จบ,1916.72
พี่ชายสายบอดี้การ์ด,YC / รักฮยอน,273342.0,https://www.webtoons.com/th/action/high-school-soldier/list?title_no=2438,แอ็คชั่น,9.95,342000.0,17.0,วันศุกร์,ยังไม่จบ,16078.94
BAD GUY,ดุมส์,231159.0,https://www.webtoons.com/th/comedy/badguy/list?title_no=2342,ตลก,9.88,246300.0,26.0,วันพฤหัสบดี,ยังไม่จบ,8890.73
การศึกษาที่แท้จริง,ฮันการัม / แชยงแทก,138489.0,https://www.webtoons.com/th/action/the-real-lesson/list?title_no=2525,แอ็คชั่น,9.88,235100.0,12.0,วันอาทิตย์,ยังไม่จบ,11540.75
อ่านชะตาวันสิ้นโลก,Sleepy-C / UMI,493576.0,https://www.webtoons.com/th/fantasy/omniscient-reader/list?title_no=2106,แฟนตาซี,9.91,306400.0,46.0,วันเสาร์,ยังไม่จบ,10729.91
นักสู้ทูปเบอร์,คิมจองฮยอน / ปาร์คแทจุน,651687.0,https://www.webtoons.com/th/action/self-taught-fight/list?title_no=1861,แอ็คชั่น,9.88,312300.0,74.0,วันอาทิตย์,ยังไม่จบ,8806.58
ไดอารีแห่งความปรารถนา,คิมจูอิน / ปาร์คแทจุน,50852.0,https://www.webtoons.com/th/fantasy/diary-of-desire/list?title_no=2569,แฟนตาซี,9.74,123000.0,7.0,วันพฤหัสบดี,ยังไม่จบ,7264.57
SHOTGUN BOY,Kimcarnby / ฮงพิล,31393.0,https://www.webtoons.com/th/action/shotgun-boy/list?title_no=2680,แอ็คชั่น,9.88,90800.0,6.0,วันอังคาร,ยังไม่จบ,5232.17
อุนจิ เรื่องวุ่นของพระเอกหมาๆ,lonely cat,33738.0,https://www.webtoons.com/th/heartwarming/unchi/list?title_no=2681,อบอุ่นหัวใจ,9.84,80100.0,5.0,วันศุกร์,ยังไม่จบ,6747.6
WEAK HERO,เซอร์แพส / คิมจินซอก,1000000.0,https://www.webtoons.com/th/action/weak-hero/list?title_no=1532,แอ็คชั่น,9.87,395300.0,121.0,วันพุธ,ยังไม่จบ,8264.46
Study Group,ชินฮยองอุก / ยูซึงยอน,1300000.0,https://www.webtoons.com/th/action/studygroup/list?title_no=1595,แอ็คชั่น,9.87,587800.0,110.0,วันอาทิตย์,ยังไม่จบ,11818.18
ชีวิตเวรเอ๊ย,ปาร์คแทจุน / จอนซอนอุก,138020.0,https://www.webtoons.com/th/action/loser-life/list?title_no=2287,แอ็คชั่น,9.83,121700.0,30.0,วันอังคาร,ยังไม่จบ,4600.67
Nan Yak พันธะสัญญาดอกกล้วยไม้,จองฮยอนจู / พัคจินฮวาน,593907.0,https://www.webtoons.com/th/fantasy/nanyak/list?title_no=1908,แฟนตาซี,9.88,332100.0,66.0,วันอังคาร,ยังไม่จบ,8998.59
ช่วยเปลี่ยนฉันที,ลีจีโฮ / โฮตี,495254.0,https://www.webtoons.com/th/drama/newface/list?title_no=1867,ดราม่า,9.43,207200.0,71.0,วันจันทร์,ยังไม่จบ,6975.41
Golden Hour ชั่วโมงโกงความตาย,ฮันซันอีกา / ฮงบีชีรา,499707.0,https://www.webtoons.com/th/drama/golden-hour/list?title_no=1876,ดราม่า,9.92,303000.0,65.0,วันศุกร์,ยังไม่จบ,7687.8
รักฉันสิ นายฆาตกร,Rusena / Borocom,313594.0,https://www.webtoons.com/th/drama/girls-trial/list?title_no=2090,ดราม่า,9.45,177400.0,48.0,วันพุธ,ยังไม่จบ,6533.21
เด็กใหม่ห้องคิง,ซงแชยุน / ชินแจยอง,161753.0,https://www.webtoons.com/th/drama/good-competition/list?title_no=2380,ดราม่า,9.87,146800.0,24.0,วันอาทิตย์,ยังไม่จบ,6739.71
เบ้าหน้าฟ้าประทาน,จีเอ,128043.0,https://www.webtoons.com/th/drama/face-genius/list?title_no=2354,ดราม่า,9.73,139400.0,24.0,วันศุกร์,ยังไม่จบ,5335.12
บันทึกครัวค่ายทหาร,ลีจินซู / J Robin,139893.0,https://www.webtoons.com/th/drama/cp-the-legend/list?title_no=2216,ดราม่า,9.8,107500.0,34.0,วันเสาร์,ยังไม่จบ,4114.5
โรงยิมฮันริม,ฮเยซอง / ลีซอกแจ,89354.0,https://www.webtoons.com/th/action/hanlim/list?title_no=2152,แอ็คชั่น,9.68,77500.0,41.0,วันพุธ,ยังไม่จบ,2179.37
Hunter Game,Spookyz,246772.0,https://www.webtoons.com/th/thriller/hunter-game/list?title_no=2012,ระทึกขวัญ,9.83,149300.0,52.0,วันจันทร์,ยังไม่จบ,4745.62
Build Up,911,61728.0,https://www.webtoons.com/th/drama/buildup/list?title_no=2333,ดราม่า,9.72,68300.0,27.0,วันศุกร์,ยังไม่จบ,2286.22
เกิดอีกที ขอเป็นคนดีได้ไหม(วะ)?,SAYEOL / yerang,624260.0,https://www.webtoons.com/th/drama/second-life/list?title_no=1596,ดราม่า,9.81,305800.0,105.0,วันพฤหัสบดี,ยังไม่จบ,5945.33
ชมรมไถ่บาป,FAD*,57625.0,https://www.webtoons.com/th/fantasy/redemption-club/list?title_no=2472,แฟนตาซี,9.85,79300.0,15.0,วันศุกร์,ยังไม่จบ,3841.67
สาวจากแรนดอมแชต,พักอึนฮยอก,802658.0,https://www.webtoons.com/th/drama/the-girl-from-the-random-chat/list?title_no=1251,ดราม่า,9.79,213900.0,179.0,วันเสาร์,ยังไม่จบ,4484.12
SPERMAN3 : การตอบโต้ขององค์กรผู้ไร้ราคะ,ฮาอิลกวอน,70598.0,https://www.webtoons.com/th/comedy/ex-has-a-crush-on-me/list?title_no=2165,ตลก,9.55,43700.0,37.0,วันเสาร์,ยังไม่จบ,1908.05
Perfect Family,จูอึน / นยังปา,149283.0,https://www.webtoons.com/th/thriller/perfect-family/list?title_no=2238,ระทึกขวัญ,9.75,114600.0,32.0,วันอังคาร,ยังไม่จบ,4665.09
คุณแม่ย้อนวัย หัวใจดวงเดิม,ฮงซึงพโย / คุคุ,634501.0,https://www.webtoons.com/th/drama/mamamaaf/list?title_no=1747,ดราม่า,9.74,325000.0,87.0,วันอาทิตย์,ยังไม่จบ,7293.11
CASTLE,จองยอน,105038.0,https://www.webtoons.com/th/action/castle/list?title_no=2022,แอ็คชั่น,9.85,101600.0,52.0,วันจันทร์,ยังไม่จบ,2019.96
Break-up service บริษัทรับจ้างทำลายรัก,KOMAI กอไหม,295114.0,https://www.webtoons.com/th/drama/break-up-service/list?title_no=1928,ดราม่า,9.71,152700.0,52.0,วันอาทิตย์,ยังไม่จบ,5675.27
ฉันมันร้าย หรือเพราะโลกไม่น่ารัก,โอรี,152321.0,https://www.webtoons.com/th/drama/knifegrinding-girl/list?title_no=2166,ดราม่า,9.84,102300.0,38.0,วันเสาร์,ยังไม่จบ,4008.45
ซอมบี้ลูกพ่อ,ลียูนชาง,393701.0,https://www.webtoons.com/th/comedy/zombie-daughter/list?title_no=1761,ตลก,9.68,148100.0,84.0,วันพฤหัสบดี,ยังไม่จบ,4686.92
องครักษ์แห่งอัครสกุลจาง,โจฮยองกึน / คิมอินโฮ,29162.0,https://www.webtoons.com/th/fantasy/jang-family/list?title_no=2435,แฟนตาซี,9.64,41900.0,19.0,วันพฤหัสบดี,ยังไม่จบ,1534.84
กลโกงโลกพนัน,ฮันดงอู / ลีโดฮี,534590.0,https://www.webtoons.com/th/drama/money-and-the-power/list?title_no=1564,ดราม่า,9.82,279000.0,114.0,วันจันทร์,ยังไม่จบ,4689.39
เมนูป่วนก๊วนกระทะเหล็ก,ส้มฉุน,49412.0,https://www.webtoons.com/th/drama/iron-pan-fighting/list?title_no=2374,ดราม่า,8.08,43600.0,21.0,วันพฤหัสบดี,ยังไม่จบ,2352.95
The Sinners,DuchessAuburn,61894.0,https://www.webtoons.com/th/bl-gl/the-sinners/list?title_no=2385,วาย,9.87,47000.0,22.0,วันอังคาร,ยังไม่จบ,2813.36
ปลดล็อกที เครื่องนี้มี CEO,พัคซองฮยอน,91952.0,https://www.webtoons.com/th/comedy/swipe-to-unlock-ceo/list?title_no=2217,ตลก,9.8,80200.0,34.0,วันอาทิตย์,ยังไม่จบ,2704.47
รักนี้ต้องปฏิวัติ,232,1200000.0,https://www.webtoons.com/th/drama/love-revolution/list?title_no=800,ดราม่า,9.67,222200.0,347.0,วันอังคาร,ยังไม่จบ,3458.21
ตู้หยอดเหรียญมรณะ ,ยุนจองมิน,678556.0,https://www.webtoons.com/th/horror/vending-machine/list?title_no=1448,สยองขวัญ,9.67,247000.0,140.0,วันอังคาร,ยังไม่จบ,4846.83
GhostBikeDelivery บริการส่งผีไม่(เจอ)ดียินดีคืนเงิน,S.Srisomrux,25380.0,https://www.webtoons.com/th/drama/ghost-bike-delivery/list?title_no=2458,ดราม่า,9.44,33000.0,16.0,วันเสาร์,ยังไม่จบ,1586.25
ยัยตัวร้ายแห่งศตวรรษ,Neon.B & Pito,144043.0,https://www.webtoons.com/th/drama/shijienv/list?title_no=2042,ดราม่า,9.64,78300.0,51.0,วันศุกร์,ยังไม่จบ,2824.37
เหยื่อ,"เวนุนพักอี / Park, su bong",457102.0,https://www.webtoons.com/th/horror/er/list?title_no=1654,สยองขวัญ,9.82,180900.0,94.0,วันอาทิตย์,ยังไม่จบ,4862.79
100 ภารกิจเปลี่ยนชีวิตผมกับคุณครู,คงไคย,19536.0,https://www.webtoons.com/th/heartwarming/100-ways/list?title_no=2496,อบอุ่นหัวใจ,9.59,24400.0,14.0,วันอังคาร,ยังไม่จบ,1395.43
หอศิลป์ของฆาตกร,196.96655,38884.0,https://www.webtoons.com/th/thriller/murderers-art-gallery/list?title_no=2397,ระทึกขวัญ,9.8,37700.0,21.0,วันพุธ,ยังไม่จบ,1851.62
มังกรตัวร้ายกับนายติวเตอร์,eon,208508.0,https://www.webtoons.com/th/fantasy/dragon-tutor/list?title_no=1635,แฟนตาซี,9.7,116500.0,89.0,วันอาทิตย์,ยังไม่จบ,2342.79
Vigilante,CRG / คิมกยูซัม,303812.0,https://www.webtoons.com/th/action/vigilante/list?title_no=1488,แอ็คชั่น,9.75,176400.0,129.0,วันศุกร์,ยังไม่จบ,2355.13
หอพัก 95!,Didiwalker,1000000.0,https://www.webtoons.com/th/drama/kosan/list?title_no=902,ดราม่า,9.77,394100.0,203.0,วันอังคาร,ยังไม่จบ,4926.11
มนุษย์ทมิฬ,ลีชอนยอก,496238.0,https://www.webtoons.com/th/action/kawan-kelam/list?title_no=1655,แอ็คชั่น,9.88,200800.0,81.0,จบแล้ว,จบแล้ว,6126.4
เจตนาฆ่า,คิลยอน,22104.0,https://www.webtoons.com/th/thriller/intent-to-kill/list?title_no=2082,ระทึกขวัญ,8.9,21500.0,35.0,วันศุกร์,ยังไม่จบ,631.54
ครัวคิลเลอร์,ฮัน,65898.0,https://www.webtoons.com/th/action/killerfood/list?title_no=2129,แอ็คชั่น,9.7,70100.0,6.0,จบแล้ว,จบแล้ว,10983.0
Change,JINONE,4800000.0,https://www.webtoons.com/th/drama/change/list?title_no=1213,ดราม่า,9.77,1000000.0,276.0,จบแล้ว,จบแล้ว,17391.3
Mask Girl,เมมี / ฮีเซ,455003.0,https://www.webtoons.com/th/drama/mask-girl/list?title_no=1491,ดราม่า,9.07,115500.0,128.0,จบแล้ว,จบแล้ว,3554.71
รู้สักนิดก่อนคิดจะรัก,theterm,28597.0,https://www.webtoons.com/th/heartwarming/unicef-webtoon/list?title_no=1122,อบอุ่นหัวใจ,9.62,95600.0,3.0,จบแล้ว,จบแล้ว,9532.33
ละอองแสง,YYuY,41502.0,https://www.webtoons.com/th/action/staring-at-the-sun/list?title_no=2213,แอ็คชั่น,9.63,33700.0,27.0,จบแล้ว,จบแล้ว,1537.11
วีน เหวี่ยง WILD มัธยมสาวพันธุ์ดุ,ฮุน เจนา,2000000.0,https://www.webtoons.com/th/action/girls-of-the-wilds/list?title_no=313,แอ็คชั่น,9.76,441100.0,261.0,จบแล้ว,จบแล้ว,7662.84
โซยู,ฮัน,96116.0,https://www.webtoons.com/th/drama/soyou/list?title_no=2240,ดราม่า,9.82,47500.0,5.0,จบแล้ว,จบแล้ว,19223.2
เปลี่ยนยัยห้าวเป็นสาวแบ๊ว,P & Katin / Q,1500000.0,https://www.webtoons.com/th/comedy/the-sweet-phony/list?title_no=1425,ตลก,9.83,918200.0,8.0,จบแล้ว,จบแล้ว,187500.0
Exchange Girl วุ่นรักสลับวิญญาณ,Haohow,1100000.0,https://www.webtoons.com/th/drama/exchangegirls/list?title_no=1402,ดราม่า,9.82,505000.0,93.0,จบแล้ว,จบแล้ว,11827.96
I Will Die Soon,ลีวอนชิก / กุลชาน,364325.0,https://www.webtoons.com/th/drama/i-will-die-soon/list?title_no=1627,ดราม่า,9.8,163100.0,7.0,จบแล้ว,จบแล้ว,52046.43
SAVE ME,Big Hit Ent.  / LICO,234365.0,https://www.webtoons.com/th/drama/save-me/list?title_no=1510,ดราม่า,9.91,295700.0,1.0,จบแล้ว,จบแล้ว,234365.0
ปั่นสู้ฝัน,โจยงซอก,241903.0,https://www.webtoons.com/th/drama/wind-breaker/list?title_no=590,ดราม่า,9.76,129900.0,133.0,จบแล้ว,จบแล้ว,1818.82
REVERSE ,ยืนกินปากกาที่ท่าพระ,406252.0,https://www.webtoons.com/th/drama/reverse/list?title_no=1395,ดราม่า,9.82,421200.0,29.0,จบแล้ว,จบแล้ว,14008.69
โรงละครส่งวิญญาณ,LICO,256723.0,https://www.webtoons.com/th/drama/ghost-theater/list?title_no=1712,ดราม่า,9.79,130100.0,51.0,จบแล้ว,จบแล้ว,5033.78
ต้องลดให้ได้ 5 กิโล!,suosu / Hong-kki,937787.0,https://www.webtoons.com/th/drama/demi-5kg/list?title_no=1157,ดราม่า,9.42,453900.0,182.0,จบแล้ว,จบแล้ว,5152.68
Thonhom Story,Butter Sweet,1100000.0,https://www.webtoons.com/th/drama/thonhom-story/list?title_no=598,ดราม่า,9.83,327800.0,139.0,จบแล้ว,จบแล้ว,7913.67
เรื่องเล่าจากวิญญาณ 2,QTT,926393.0,https://www.webtoons.com/th/thriller/ghost-teller/list?title_no=944,ระทึกขวัญ,9.81,553700.0,92.0,จบแล้ว,จบแล้ว,10069.49
Bastard,Kimcarnby / Youngchan Hwang,619723.0,https://www.webtoons.com/th/thriller/bastard/list?title_no=637,ระทึกขวัญ,9.83,381200.0,6.0,จบแล้ว,จบแล้ว,103287.17
Until The End,Reki-Neko Ft.MegaLateo,509051.0,https://www.webtoons.com/th/drama/until-the-end/list?title_no=1469,ดราม่า,9.63,268500.0,5.0,จบแล้ว,จบแล้ว,101810.2
Dream Come True,Waraporn Sirilai,697027.0,https://www.webtoons.com/th/drama/dream-come-true/list?title_no=936,ดราม่า,9.82,342900.0,71.0,จบแล้ว,จบแล้ว,9817.28
ตำนานทางรถไฟหลังโรงเรียน,คงไคย,74012.0,https://www.webtoons.com/th/thriller/the-legend-of-the-railway-behind-the-school/list?title_no=509,ระทึกขวัญ,9.69,79700.0,11.0,จบแล้ว,จบแล้ว,6728.36
มรดกของพ่อ,Various Artists,128047.0,https://www.webtoons.com/th/heartwarming/the-late-kings-heritages/list?title_no=1201,อบอุ่นหัวใจ,9.83,136400.0,9.0,จบแล้ว,จบแล้ว,14227.44
บันทึกฆาตกรรมของชมรมทำสวน,52chu,196832.0,https://www.webtoons.com/th/drama/nongtian/list?title_no=1749,ดราม่า,9.85,85700.0,55.0,จบแล้ว,จบแล้ว,3578.76
คุณแม่วัยใส,theterm,3500000.0,https://www.webtoons.com/th/heartwarming/teenage-mom/list?title_no=567,อบอุ่นหัวใจ,9.63,2400000.0,9.0,จบแล้ว,จบแล้ว,388888.89
โอม รักเอยจงมา,ฮาอิลกวอน,88544.0,https://www.webtoons.com/th/drama/annarasumanara/list?title_no=311,ดราม่า,9.68,52600.0,6.0,จบแล้ว,จบแล้ว,14757.33
DEY ช่องสยองขวัญ,DEY,91354.0,https://www.webtoons.com/th/thriller/dey-horror-channel/list?title_no=1131,ระทึกขวัญ,9.77,136800.0,15.0,จบแล้ว,จบแล้ว,6090.27
NEVERLAND,Domino-noble,281078.0,https://www.webtoons.com/th/fantasy/neverland/list?title_no=929,แฟนตาซี,9.75,171900.0,69.0,จบแล้ว,จบแล้ว,4073.59
เช็คพอยท์,ซงกา / อึนโซ,186664.0,https://www.webtoons.com/th/drama/check-point/list?title_no=743,ดราม่า,9.56,210800.0,32.0,จบแล้ว,จบแล้ว,5833.25
PADO,คิมจองฮยอน,253179.0,https://www.webtoons.com/th/drama/pado/list?title_no=1292,ดราม่า,9.75,116900.0,72.0,จบแล้ว,จบแล้ว,3516.38
DAVID,d-mon,38894.0,https://www.webtoons.com/th/drama/david/list?title_no=2151,ดราม่า,9.79,25400.0,5.0,จบแล้ว,จบแล้ว,7778.8
ใหญ่กลางเล็ก,ฮัน,149288.0,https://www.webtoons.com/th/action/triplets/list?title_no=1095,แอ็คชั่น,9.66,101800.0,7.0,จบแล้ว,จบแล้ว,21326.86
1 Wish หนึ่งคำอธิษฐาน,Waraporn Sirilai,237087.0,https://www.webtoons.com/th/heartwarming/1-wish-1-pray/list?title_no=513,อบอุ่นหัวใจ,9.81,112000.0,35.0,จบแล้ว,จบแล้ว,6773.91
666Apt. อพาร์ตเมนต์คุณผี,JRRH,1400000.0,https://www.webtoons.com/th/horror/666apt/list?title_no=677,สยองขวัญ,9.71,373200.0,235.0,จบแล้ว,จบแล้ว,5957.45
รางวัลที่หนึ่ง,ฮงซึงพโย,318234.0,https://www.webtoons.com/th/drama/lottery/list?title_no=662,ดราม่า,9.44,222100.0,74.0,จบแล้ว,จบแล้ว,4300.46
NANO LIST ,มินซงอา,1300000.0,https://www.webtoons.com/th/fantasy/nano-list/list?title_no=661,แฟนตาซี,9.82,590200.0,12.0,จบแล้ว,จบแล้ว,108333.33
หุบเขามรณะ,moconut,344413.0,https://www.webtoons.com/th/thriller/misiryeong/list?title_no=1132,ระทึกขวัญ,9.73,168700.0,98.0,จบแล้ว,จบแล้ว,3514.42
Her? ปริศนา(ญ)สาวมรณะ,Pierre93,66864.0,https://www.webtoons.com/th/thriller/her-that-girl/list?title_no=1950,ระทึกขวัญ,9.38,52900.0,4.0,จบแล้ว,จบแล้ว,16716.0
สาปศาลปรัมปรา,JRRH,512436.0,https://www.webtoons.com/th/horror/cursed-shrine/list?title_no=1487,สยองขวัญ,9.68,94000.0,168.0,จบแล้ว,จบแล้ว,3050.21
เรื่องสยองสองบรรทัดครึ่ง,Narusha Dithabenjakul,666264.0,https://www.webtoons.com/th/horror/two-and-a-half-creepy-tales/list?title_no=533,สยองขวัญ,9.23,352300.0,324.0,จบแล้ว,จบแล้ว,2056.37
เทพยุทธ์ ขูดขี้ไคล,ฮาอิลกวอน,72002.0,https://www.webtoons.com/th/comedy/god-of-bath/list?title_no=315,ตลก,9.55,57900.0,30.0,จบแล้ว,จบแล้ว,2400.07
ฮาเร็ม ซะเมื่อไหร่กันเล่า!,ศุภชัย จิรคุปต์,84518.0,https://www.webtoons.com/th/comedy/a-boy-in-girls-school/list?title_no=383,ตลก,9.43,66000.0,27.0,จบแล้ว,จบแล้ว,3130.3
สนทนากับความตาย,ซินี / ฮยอนโน,42181.0,https://www.webtoons.com/th/drama/about-death/list?title_no=410,ดราม่า,9.62,19900.0,28.0,จบแล้ว,จบแล้ว,1506.46
Sinsin's House บ้านนี้ผี(ไม่)หลอน,JRRH,281276.0,https://www.webtoons.com/th/thriller/sinsin-house/list?title_no=521,ระทึกขวัญ,9.68,112800.0,61.0,จบแล้ว,จบแล้ว,4611.08
ก๊วนหนุ่มฮามิติที่ 10,คัทบุ,132929.0,https://www.webtoons.com/th/comedy/10th-dimension-boys/list?title_no=309,ตลก,8.91,32500.0,119.0,จบแล้ว,จบแล้ว,1117.05
ดงอสรพิษ,คิมอียอน,169430.0,https://www.webtoons.com/th/thriller/snake/list?title_no=1130,ระทึกขวัญ,9.47,132100.0,60.0,จบแล้ว,จบแล้ว,2823.83
ร่องรอยจากมือ,ลูกตา,150345.0,https://www.webtoons.com/th/drama/traces-of-hands/list?title_no=1103,ดราม่า,9.34,60300.0,58.0,จบแล้ว,จบแล้ว,2592.16
ซุปเปอร์คุณพ่อ,พิลวอน จอง,49724.0,https://www.webtoons.com/th/drama/family-man/list?title_no=333,ดราม่า,9.66,32800.0,42.0,จบแล้ว,จบแล้ว,1183.9
สาวน้อยมนตราซ่าได้อีก,Seri / บีวาน,182618.0,https://www.webtoons.com/th/fantasy/magical-12th-graders/list?title_no=540,แฟนตาซี,9.37,104200.0,142.0,จบแล้ว,จบแล้ว,1286.04
ผมถูกรักแรกไล่ฆ่า,Nicname,56390.0,https://www.webtoons.com/th/action/my-first-crush/list?title_no=2293,แอ็คชั่น,9.54,60000.0,24.0,วันอาทิตย์,ยังไม่จบ,2349.58
เด็กห้องนี้ มีแปลก,ยอง ปากา,769360.0,https://www.webtoons.com/th/comedy/new-normal-class-8/list?title_no=316,ตลก,9.63,229200.0,329.0,วันเสาร์,ยังไม่จบ,2338.48
ราสป์เบอร์รี่ในมายา,Domino-noble,64273.0,https://www.webtoons.com/th/fantasy/raspberry-in-maya/list?title_no=1924,แฟนตาซี,9.65,65800.0,19.0,วันพฤหัสบดี,ยังไม่จบ,3382.79
คุณพ่อ ม.ปลาย,คิมแจฮัน,87560.0,https://www.webtoons.com/th/action/daddy-goes-to-school/list?title_no=2570,แอ็คชั่น,9.89,216600.0,8.0,วันเสาร์,ยังไม่จบ,10945.0
LOOKISM,ปาร์คแทจุน,7200000.0,https://www.webtoons.com/th/action/lookism/list?title_no=576,แอ็คชั่น,9.77,2000000.0,338.0,วันศุกร์,ยังไม่จบ,21301.78
ผู้เล่นขั้นเทพแห่งหอคอยฝึกสอน,บังกุซอก คิมซี / โอมากัม,172946.0,https://www.webtoons.com/th/fantasy/tutorial-tower/list?title_no=2394,แฟนตาซี,9.82,244400.0,19.0,วันพุธ,ยังไม่จบ,9102.42
นาโนมาชิน,กึมกังบุลกเว / ฮยอนจอลมู,226006.0,https://www.webtoons.com/th/action/nano-mashin/list?title_no=2171,แอ็คชั่น,9.92,202500.0,35.0,วันอังคาร,ยังไม่จบ,6457.31
The Boxer,จองจีฮุน,533383.0,https://www.webtoons.com/th/action/the-boxer/list?title_no=1926,แอ็คชั่น,9.83,344200.0,69.0,วันพฤหัสบดี,ยังไม่จบ,7730.19
ยอดคนเลเวลทะลุ,ซองบุลเยจอง / MINo,63065.0,https://www.webtoons.com/th/fantasy/beyonod-max-level/list?title_no=2547,แฟนตาซี,9.7,154800.0,11.0,วันพฤหัสบดี,ยังไม่จบ,5733.18
Player,พัคจงซอก / โอฮยอนจุน,23711.0,https://www.webtoons.com/th/fantasy/player/list?title_no=2649,แฟนตาซี,9.57,86800.0,6.0,วันจันทร์,ยังไม่จบ,3951.83
White Blood,อิมลีนา,678940.0,https://www.webtoons.com/th/action/white-blood/list?title_no=1948,แอ็คชั่น,9.9,365600.0,61.0,วันจันทร์,ยังไม่จบ,11130.16
ตั๋วโกงชีวิต,รยู,107363.0,https://www.webtoons.com/th/fantasy/ticket-hero/list?title_no=2433,แฟนตาซี,9.84,158500.0,20.0,วันพุธ,ยังไม่จบ,5368.15
Jungle Juice,JUDER / ฮยองอึน,38653.0,https://www.webtoons.com/th/fantasy/jungle-juice/list?title_no=2630,แฟนตาซี,9.94,97100.0,8.0,วันจันทร์,ยังไม่จบ,4831.62
อาร์ติแฟกต์ถล่มดันเจี้ยน,Zerowater / UMKY,55760.0,https://www.webtoons.com/th/action/artifact/list?title_no=2499,แอ็คชั่น,9.76,123300.0,14.0,วันจันทร์,ยังไม่จบ,3982.86
Return To Player,เซฮน / Index,100787.0,https://www.webtoons.com/th/fantasy/return-to-player/list?title_no=2356,แฟนตาซี,9.79,134300.0,23.0,วันพฤหัสบดี,ยังไม่จบ,4382.04
เทพเกรียน โรงเรียนมัธยม,ปาร์คยองเจ,2700000.0,https://www.webtoons.com/th/action/the-god-of-high-school/list?title_no=317,แอ็คชั่น,9.72,681400.0,509.0,วันพฤหัสบดี,ยังไม่จบ,5304.52
Psycho Revenge,กีซง / เนมกา,60646.0,https://www.webtoons.com/th/action/psycho-revenge/list?title_no=2498,แอ็คชั่น,9.9,93400.0,15.0,วันพฤหัสบดี,ยังไม่จบ,4043.07
ทัณฑ์นรก โรรุว์,Kanor,1700000.0,https://www.webtoons.com/th/fantasy/hell-warden-roruv/list?title_no=746,แฟนตาซี,9.83,528700.0,216.0,วันศุกร์,ยังไม่จบ,7870.37
โรงเรียนเหนือมนุษย์,uru-chan,196688.0,https://www.webtoons.com/th/action/unordinary/list?title_no=1858,แอ็คชั่น,9.32,116000.0,75.0,วันอังคาร,ยังไม่จบ,2622.51
Dahla ดาหลา,BEllBOINGSAKURA,4688.0,https://www.webtoons.com/th/horror/dahla/list?title_no=2754,สยองขวัญ,9.66,16400.0,4.0,วันอาทิตย์,ยังไม่จบ,1172.0
BANGKOK LOFI,RAN / DJNY,24263.0,https://www.webtoons.com/th/action/bangkok-lofi/list?title_no=2473,แอ็คชั่น,9.5,66500.0,12.0,วันอังคาร,ยังไม่จบ,2021.92
HOWL,Misterz Hollowerz,660197.0,https://www.webtoons.com/th/fantasy/howl/list?title_no=1403,แฟนตาซี,9.71,278400.0,142.0,วันศุกร์,ยังไม่จบ,4649.27
GOD PINK,ลีซังชิน / กุกจุงรก,21110.0,https://www.webtoons.com/th/action/god-pink/list?title_no=2551,แอ็คชั่น,9.52,34300.0,10.0,วันเสาร์,ยังไม่จบ,2111.0
เจ้าหนุ่มพลังถอด,ยุนโซฮัม,23636.0,https://www.webtoons.com/th/comedy/disarming-boy/list?title_no=2355,ตลก,8.63,33400.0,23.0,วันเสาร์,ยังไม่จบ,1027.65
X'MAS RUN,Japonism,40199.0,https://www.webtoons.com/th/action/xmas-run/list?title_no=2398,แอ็คชั่น,9.71,58000.0,23.0,วันศุกร์,ยังไม่จบ,1747.78
ขบวนการทาสเหมียวเรนเจอร์,ahnjoo,72439.0,https://www.webtoons.com/th/comedy/cat-rangers/list?title_no=2055,ตลก,9.76,54000.0,52.0,วันอังคาร,ยังไม่จบ,1393.06
DEAD LIFE,เฟรชช่า / อิมจินกุก,716748.0,https://www.webtoons.com/th/thriller/deadlife/list?title_no=1565,ระทึกขวัญ,9.78,343300.0,104.0,จบแล้ว,จบแล้ว,6891.81
Sweet Home,Kimcarnby / Youngchan Hwang,1300000.0,https://www.webtoons.com/th/thriller/sweet-home/list?title_no=1257,ระทึกขวัญ,9.84,566500.0,6.0,จบแล้ว,จบแล้ว,216666.67
ลำนำแห่งโชคชะตา,ฮันนี่ บี,805827.0,https://www.webtoons.com/th/fantasy/flow/list?title_no=498,แฟนตาซี,9.81,411900.0,104.0,จบแล้ว,จบแล้ว,7748.34
REAWAKEN MAN,แชยงแทก / คิมแจฮัน,818932.0,https://www.webtoons.com/th/action/reawaken-man/list?title_no=1097,แอ็คชั่น,9.84,320600.0,5.0,จบแล้ว,จบแล้ว,163786.4
หัวโจก,ชองจงแทก,1000000.0,https://www.webtoons.com/th/action/the-boss/list?title_no=745,แอ็คชั่น,9.82,438800.0,134.0,จบแล้ว,จบแล้ว,7462.69
SPERMAN,ฮาอิลกวอน,340069.0,https://www.webtoons.com/th/comedy/sperman/list?title_no=1492,ตลก,9.55,301900.0,3.0,จบแล้ว,จบแล้ว,113356.33
ผู้ก่อการร้าย,Han Dong-woo / KOJINO,937392.0,https://www.webtoons.com/th/action/terror-man/list?title_no=898,แอ็คชั่น,9.82,319100.0,210.0,จบแล้ว,จบแล้ว,4463.77
ฉันนี่แหละสุดยอดซอมบี้,NEOYUYU,784244.0,https://www.webtoons.com/th/action/how-to-be-the-best-of-the-dead/list?title_no=373,แอ็คชั่น,9.8,292100.0,169.0,จบแล้ว,จบแล้ว,4640.5
เลซซา มือปราบอสูร,โปโก,165455.0,https://www.webtoons.com/th/fantasy/lessa/list?title_no=328,แฟนตาซี,9.72,141600.0,58.0,จบแล้ว,จบแล้ว,2852.67
World of Elemental ผจญภัยโลกเวทมนตร์,คุณนกฮูก,67517.0,https://www.webtoons.com/th/fantasy/world-of-elemental/list?title_no=1795,แฟนตาซี,9.1,57000.0,3.0,จบแล้ว,จบแล้ว,22505.67
ไซด์คิกส์ ฮีโร่ตัวรอง,ไอรอน ชิน,174251.0,https://www.webtoons.com/th/action/sidekicks/list?title_no=323,แอ็คชั่น,9.59,91900.0,131.0,จบแล้ว,จบแล้ว,1330.16
Chivalry,ฮวันแจงอี,142226.0,https://www.webtoons.com/th/action/chivalry/list?title_no=1104,แอ็คชั่น,9.63,78200.0,86.0,จบแล้ว,จบแล้ว,1653.79
THE DESTROYER เกิด/ฆ่า/อมตะ,ศิริศักดิ์ เชาวน์ศิริ,27001.0,https://www.webtoons.com/th/action/the-destroyer/list?title_no=477,แอ็คชั่น,9.02,27500.0,41.0,จบแล้ว,จบแล้ว,658.56
เซียนเกม นอกจอ,ซังยอง ซอง / ซังอา,1100000.0,https://www.webtoons.com/th/fantasy/the-gamer/list?title_no=319,แฟนตาซี,9.72,381100.0,349.0,วันเสาร์,ยังไม่จบ,3151.86
สุภาพบุรุษบุษบา,จูฮยอนฮู,260207.0,https://www.webtoons.com/th/comedy/too-strong-to-be-a-florist/list?title_no=2041,ตลก,9.86,147500.0,53.0,วันพุธ,ยังไม่จบ,4909.57
ขอโทษครับ ผมไม่ใช่คนแถวนี้,Moname / เด็กชายตาขีด,91452.0,https://www.webtoons.com/th/comedy/sorry-im-not-from-around-here/list?title_no=2317,ตลก,9.76,75700.0,30.0,วันพฤหัสบดี,ยังไม่จบ,3048.4
DICE ลูกเต๋าเปลี่ยน ชีวิต,ฮยอนซอก ยุน,1100000.0,https://www.webtoons.com/th/fantasy/dice/list?title_no=335,แฟนตาซี,9.62,464200.0,337.0,วันศุกร์,ยังไม่จบ,3264.09
โนเบลส Spin-off,เจโฮ ซน / กวางซู ลี,100364.0,https://www.webtoons.com/th/fantasy/noblesse-spin-off/list?title_no=607,แฟนตาซี,9.88,161700.0,10.0,จบแล้ว,จบแล้ว,10036.4
โนเบลส,เจโฮ ซน / กวางซู ลี,3900000.0,https://www.webtoons.com/th/fantasy/noblesse/list?title_no=324,แฟนตาซี,9.81,594600.0,544.0,จบแล้ว,จบแล้ว,7169.12
ชีวิตนักเรียนฉัน ขอคืนเถอะนะ,LICO,1700000.0,https://www.webtoons.com/th/fantasy/return-my-school-life/list?title_no=1355,แฟนตาซี,9.82,507000.0,136.0,จบแล้ว,จบแล้ว,12500.0
กุกูกาก้า,ฮเยนิ,1500000.0,https://www.webtoons.com/th/comedy/gugugaga/list?title_no=896,ตลก,9.78,550100.0,140.0,จบแล้ว,จบแล้ว,10714.29
รังมฤตยู,คิมกยูซัม,471448.0,https://www.webtoons.com/th/thriller/hive/list?title_no=332,ระทึกขวัญ,9.65,197700.0,243.0,จบแล้ว,จบแล้ว,1940.12
ครัวแม่ดาชา,อรรถชัย ดาดี,195263.0,https://www.webtoons.com/th/comedy/dachas-kitchen/list?title_no=308,ตลก,9.44,120500.0,66.0,จบแล้ว,จบแล้ว,2958.53
ครัวแม่ดาชา ซีเคร็ทเซอร์วิส,อรรถชัย ดาดี,226536.0,https://www.webtoons.com/th/fantasy/dachas-kitchen-secret-service/list?title_no=592,แฟนตาซี,9.49,94400.0,129.0,จบแล้ว,จบแล้ว,1756.09
สตาร์วอร์ส,ฮงจักกะ,56641.0,https://www.webtoons.com/th/fantasy/starwars/list?title_no=574,แฟนตาซี,9.58,74800.0,40.0,จบแล้ว,จบแล้ว,1416.03
ผจญป่วน ก๊วนจอมเวท,ซีเร คิม,160092.0,https://www.webtoons.com/th/fantasy/magician/list?title_no=327,แฟนตาซี,9.45,64000.0,180.0,จบแล้ว,จบแล้ว,889.4
อัศวินทะลุมิติ,ซังมิน คิม,23451.0,https://www.webtoons.com/th/fantasy/knight-run/list?title_no=329,แฟนตาซี,8.87,45600.0,77.0,จบแล้ว,จบแล้ว,304.56
ทาวเวอร์ออฟก๊อด หอคอยเทพเจ้า,ชีอู,2000000.0,https://www.webtoons.com/th/fantasy/tower-of-god/list?title_no=318,แฟนตาซี,9.82,427900.0,485.0,วันพฤหัสบดี,ยังไม่จบ,4123.71
Melody of Us,Q,31889.0,https://www.webtoons.com/th/heartwarming/melody-of-us/list?title_no=2652,อบอุ่นหัวใจ,9.8,71400.0,7.0,วันพฤหัสบดี,ยังไม่จบ,4555.57
น้องส้มสมหวัง,theterm,38403.0,https://www.webtoons.com/th/comedy/orange-girl/list?title_no=2567,ตลก,9.38,46500.0,9.0,วันเสาร์,ยังไม่จบ,4267.0
กลั้นน้ำตา,Pixel Ghost,2700000.0,https://www.webtoons.com/th/slice-of-life/try-not-to-cry/list?title_no=930,ชีวิตประจำวัน,9.62,385800.0,660.0,"จันทร์, อังคาร, อาทิตย์",ยังไม่จบ,4090.91
สยาม..ตามท้องเรื่อง,CHAI YEARN,3100000.0,https://www.webtoons.com/th/slice-of-life/the-stories-of-siamese/list?title_no=1012,ชีวิตประจำวัน,9.75,359700.0,640.0,"ศุกร์, เสาร์, อาทิตย์",ยังไม่จบ,4843.75
Land of Joy,Khunkhom,767762.0,https://www.webtoons.com/th/slice-of-life/land-of-joy/list?title_no=1013,ชีวิตประจำวัน,8.84,115900.0,422.0,"อังคาร, พุธ",ยังไม่จบ,1819.34
ทำเนียบหนุ่มหล่อ,Mas Okis / S.M.S,1500000.0,https://www.webtoons.com/th/comedy/terlalu-tampan/list?title_no=977,ตลก,9.74,671000.0,101.0,จบแล้ว,จบแล้ว,14851.49
SPERMAN 2,ฮาอิลกวอน,109785.0,https://www.webtoons.com/th/comedy/sperman2/list?title_no=1977,ตลก,9.66,72500.0,1.0,จบแล้ว,จบแล้ว,109785.0
นายหัวยุ่งกับเต้าหู้ แมวจอมป่วน,เกาลัด / ริ ง โ ง ะ,1100000.0,https://www.webtoons.com/th/comedy/the-salaryman-and-tofu-the-funny-cat/list?title_no=378,ตลก,9.74,600100.0,145.0,จบแล้ว,จบแล้ว,7586.21
สารพัดจิตหลุด สุดหัวใจ,โช ซก,1000000.0,https://www.webtoons.com/th/slice-of-life/the-sound-of-your-heart/list?title_no=312,ชีวิตประจำวัน,9.71,211500.0,525.0,จบแล้ว,จบแล้ว,1904.76
กรุ๊ปเลือด บอกนิสัย,ปาร์คดงซอน,588390.0,https://www.webtoons.com/th/comedy/a-simple-thinking-about-blood-type/list?title_no=568,ตลก,9.61,398400.0,149.0,จบแล้ว,จบแล้ว,3948.93
น้องมะพร้าว จอมเปิ่น,เกาลัด,1700000.0,https://www.webtoons.com/th/heartwarming/coco-sweet/list?title_no=338,อบอุ่นหัวใจ,9.68,483600.0,209.0,จบแล้ว,จบแล้ว,8133.97
คาปู้น้อยจอมเขมือบ,ยารา,2100000.0,https://www.webtoons.com/th/comedy/maomaochongkapo/list?title_no=525,ตลก,9.75,354800.0,518.0,จบแล้ว,จบแล้ว,4054.05
วันสงบสุขของลิ้นกับฟัน,GIMS,395739.0,https://www.webtoons.com/th/comedy/brother/list?title_no=976,ตลก,9.77,168000.0,50.0,จบแล้ว,จบแล้ว,7914.78
บันทึกมึนๆ ของ Fastbeam,ฟัสบีม,1700000.0,https://www.webtoons.com/th/slice-of-life/the-dumb-diary-of-fastbeam/list?title_no=337,ชีวิตประจำวัน,9.72,369300.0,350.0,จบแล้ว,จบแล้ว,4857.14
POM มั้ยล่ะเนี่ย?,Kanomsaimai,329111.0,https://www.webtoons.com/th/comedy/you-are-pom-arent-you/list?title_no=512,ตลก,9.78,126300.0,61.0,จบแล้ว,จบแล้ว,5395.26
เคล็ดไม่ลับสวยใสสไตล์เกาหลี,doenda,144189.0,https://www.webtoons.com/th/comedy/k-beauty-story/list?title_no=647,ตลก,9.46,245500.0,45.0,จบแล้ว,จบแล้ว,3204.2
วาดเล่นๆ ดันเป็นเรื่อง ,Duncan,69025.0,https://www.webtoons.com/th/comedy/duncan/list?title_no=808,ตลก,8.48,67500.0,16.0,จบแล้ว,จบแล้ว,4314.06
เกรียนเทพอย่างผมไม่มีแล้วนะค้าบ,เกาลัด / โยฮัน,332457.0,https://www.webtoons.com/th/comedy/crazy-life/list?title_no=577,ตลก,9.47,159800.0,96.0,จบแล้ว,จบแล้ว,3463.09
Pop-Up ตึ๊กตั๊ก!! รักทักมา,Chellin,349838.0,https://www.webtoons.com/th/heartwarming/pop-up/list?title_no=620,อบอุ่นหัวใจ,9.68,174300.0,56.0,จบแล้ว,จบแล้ว,6247.11
กูรูควอกก้า,Quokka,59536.0,https://www.webtoons.com/th/comedy/quokka/list?title_no=1169,ตลก,9.48,52600.0,33.0,จบแล้ว,จบแล้ว,1804.12
Capo เหมียวหง่าวหลุดโลก,CAPO,648556.0,https://www.webtoons.com/th/comedy/capo-the-crazy-cat/list?title_no=534,ตลก,9.71,143400.0,226.0,จบแล้ว,จบแล้ว,2869.72
Shewsheep กินทั้งวัน ฝันยังเคี้ยว,Poptoday,142076.0,https://www.webtoons.com/th/comedy/shewsheep-the-eat-all-day-sheep/list?title_no=517,ตลก,9.64,82600.0,54.0,จบแล้ว,จบแล้ว,2631.04
ติดลม ห้อยเวหา : เรื่องฟายๆ,Zylostudio,114506.0,https://www.webtoons.com/th/comedy/tidlom-the-sky-hanger/list?title_no=339,ตลก,9.2,63700.0,52.0,จบแล้ว,จบแล้ว,2202.04
ธรรมดาไดอารี่,วอนี,50732.0,https://www.webtoons.com/th/comedy/midnight-rhapsody/list?title_no=326,ตลก,9.0,30200.0,38.0,จบแล้ว,จบแล้ว,1335.05
Couple on the way ,เจ๊จ๋าเจ๊,43191.0,https://www.webtoons.com/th/slice-of-life/couple-on-the-way/list?title_no=1163,ชีวิตประจำวัน,9.65,53300.0,44.0,จบแล้ว,จบแล้ว,981.61
ชีวิตนี้ รสหวานขม,ดงกอน ลี,73228.0,https://www.webtoons.com/th/slice-of-life/a-bittersweet-life/list?title_no=310,ชีวิตประจำวัน,9.1,44900.0,118.0,จบแล้ว,จบแล้ว,620.58
Killstagram,Ryoung,883482.0,https://www.webtoons.com/th/thriller/killstagram/list?title_no=1611,ระทึกขวัญ,9.71,399000.0,89.0,วันพุธ,ยังไม่จบ,9926.76
Siamese Creepy Story,เบี้ยว,26037.0,https://www.webtoons.com/th/thriller/siamese-creepy-story/list?title_no=2474,ระทึกขวัญ,9.34,28400.0,16.0,วันพฤหัสบดี,ยังไม่จบ,1627.31
2019 เรื่องสยอง ชวนลองเขย่าขวัญ,Various Artists,103463.0,https://www.webtoons.com/th/horror/2019ghostinternet/list?title_no=1724,สยองขวัญ,9.83,87300.0,19.0,จบแล้ว,จบแล้ว,5445.42
เรื่องเล่า สุดประหลาด,ซองแด โอ,1400000.0,https://www.webtoons.com/th/horror/tales-of-the-unusual/list?title_no=321,สยองขวัญ,9.56,507900.0,280.0,จบแล้ว,จบแล้ว,5000.0
แสงจันทร์สีฟ้า,Porto / ลีซึงจุน,87535.0,https://www.webtoons.com/th/horror/over-the-moon/list?title_no=2024,สยองขวัญ,9.65,65000.0,42.0,จบแล้ว,จบแล้ว,2084.17
จุดจบแห่งความสัมพันธ์,kimyongki,79828.0,https://www.webtoons.com/th/thriller/the-end-of-relationship/list?title_no=2280,ระทึกขวัญ,9.65,33900.0,46.0,จบแล้ว,จบแล้ว,1735.39
The Phone,Various Artists,48695.0,https://www.webtoons.com/th/thriller/ar-toon/list?title_no=774,ระทึกขวัญ,9.35,166900.0,3.0,จบแล้ว,จบแล้ว,16231.67
กรีดร้อง,Various Artists,137899.0,https://www.webtoons.com/th/thriller/shriek/list?title_no=950,ระทึกขวัญ,9.74,229500.0,14.0,จบแล้ว,จบแล้ว,9849.93
หนีตายนรก 3/1,Yutapoom Tungsirisumrit,160232.0,https://www.webtoons.com/th/thriller/survive/list?title_no=1777,ระทึกขวัญ,9.71,78700.0,42.0,จบแล้ว,จบแล้ว,3815.05
ทางผีผ่าน,จูดงกึน,135698.0,https://www.webtoons.com/th/thriller/ghost-road/list?title_no=791,ระทึกขวัญ,9.71,244300.0,16.0,จบแล้ว,จบแล้ว,8481.12
ออสการ์ ลอดจ์,สหมงคลฟิล์ม อินเตอร์เนชั่นแนล,11562.0,https://www.webtoons.com/th/thriller/oscar-lodge/list?title_no=660,ระทึกขวัญ,9.23,37400.0,1.0,จบแล้ว,จบแล้ว,11562.0
นรกคือคนอื่น,kimyongki,619990.0,https://www.webtoons.com/th/thriller/strangers-from-hell/list?title_no=1446,ระทึกขวัญ,9.56,238000.0,6.0,จบแล้ว,จบแล้ว,103331.67
สงกรานต์นี้มีเพื่อน,JRRH,9694.0,https://www.webtoons.com/th/thriller/friend-on-songkrans-day/list?title_no=651,ระทึกขวัญ,9.22,13000.0,1.0,จบแล้ว,จบแล้ว,9694.0
Dark Village,Toei,499551.0,https://www.webtoons.com/th/thriller/dark-village/list?title_no=742,ระทึกขวัญ,9.63,311200.0,82.0,จบแล้ว,จบแล้ว,6092.09
ตอนนี้ โรงเรียนของเรา..,จูดงกึน,585142.0,https://www.webtoons.com/th/thriller/now-our-school/list?title_no=600,ระทึกขวัญ,8.95,230100.0,29.0,จบแล้ว,จบแล้ว,20177.31
ผาหลอน ซ่อนปม,ซองแด โอ,21922.0,https://www.webtoons.com/th/thriller/the-cliff/list?title_no=320,ระทึกขวัญ,9.31,34600.0,9.0,จบแล้ว,จบแล้ว,2435.78
เสียงกระซิบ,jeong min. P,120290.0,https://www.webtoons.com/th/thriller/whisper/list?title_no=1133,ระทึกขวัญ,9.77,99100.0,24.0,จบแล้ว,จบแล้ว,5012.08
The Red Book,รังโด,69062.0,https://www.webtoons.com/th/thriller/the-red-book/list?title_no=1134,ระทึกขวัญ,9.23,80600.0,26.0,จบแล้ว,จบแล้ว,2656.23
เวหามรณะ,อินวัน ยอน,142232.0,https://www.webtoons.com/th/thriller/distant-sky/list?title_no=334,ระทึกขวัญ,9.62,100200.0,53.0,จบแล้ว,จบแล้ว,2683.62
วันโลกดับ,DEY,172521.0,https://www.webtoons.com/th/thriller/dead-days/list?title_no=336,ระทึกขวัญ,9.63,123900.0,62.0,จบแล้ว,จบแล้ว,2782.6
คลังระทึกขวัญ : เรื่องสั้นฝันสยอง,Various Artists,121904.0,https://www.webtoons.com/th/thriller/the-vault-of-horror-a-collection-of-nightmares/list?title_no=563,ระทึกขวัญ,9.41,194200.0,23.0,จบแล้ว,จบแล้ว,5300.17
ปมสยอง,Yutapoom Tungsirisumrit,570715.0,https://www.webtoons.com/th/thriller/cases-of-suicide/list?title_no=948,ระทึกขวัญ,9.69,205500.0,116.0,จบแล้ว,จบแล้ว,4919.96
Ctrl + Z,ฮงซึงพโย,158081.0,https://www.webtoons.com/th/thriller/ctrlz/list?title_no=1096,ระทึกขวัญ,9.51,91900.0,76.0,จบแล้ว,จบแล้ว,2080.01
เรื่องเล่า สุดประหลาด 2,ซองแด โอ,65326.0,https://www.webtoons.com/th/horror/tales-of-the-unusual-2/list?title_no=2388,สยองขวัญ,9.88,52000.0,19.0,วันศุกร์,ยังไม่จบ,3438.21
เรื่องสั้นสยองขวัญ 2020,โฮรัง,28912.0,https://www.webtoons.com/th/horror/horang-horror/list?title_no=2168,สยองขวัญ,9.61,54500.0,11.0,จบแล้ว,จบแล้ว,2628.36
โลกสดใสวัยสีชมพู,โมรังจี,2400000.0,https://www.webtoons.com/th/heartwarming/world-of-young-lady/list?title_no=594,อบอุ่นหัวใจ,9.81,516799.99999999994,265.0,วันพุธ,ยังไม่จบ,9056.6
Wonderful Day ,Various Artists,35108.0,https://www.webtoons.com/th/slice-of-life/wonderful-day/list?title_no=1497,ชีวิตประจำวัน,9.53,47800.0,7.0,จบแล้ว,จบแล้ว,5015.43
วัยเด็กนี่ดีจังเนอะ,เอชพี56,60022.0,https://www.webtoons.com/th/heartwarming/kids-are-all-right/list?title_no=393,อบอุ่นหัวใจ,9.49,36700.0,56.0,จบแล้ว,จบแล้ว,1071.82
Pastel รักนี้สีพาสเทล,CAPO,375860.0,https://www.webtoons.com/th/heartwarming/pastel/list?title_no=1158,อบอุ่นหัวใจ,9.6,138700.0,101.0,จบแล้ว,จบแล้ว,3721.39
ฝีแปรงแย้มยิ้ม,วารู,75823.0,https://www.webtoons.com/th/heartwarming/smile-brush/list?title_no=322,อบอุ่นหัวใจ,9.5,47800.0,36.0,จบแล้ว,จบแล้ว,2106.19
แมวขี้อ้อน . . . . . หมาขี้เหงา,โจ,324867.0,https://www.webtoons.com/th/heartwarming/my-kitty-and-old-dog/list?title_no=325,อบอุ่นหัวใจ,9.69,89800.0,213.0,จบแล้ว,จบแล้ว,1525.2
ฝีแปรงแย้มยิ้ม : ภาพเก่าๆ ของฉัน,วารู,84056.0,https://www.webtoons.com/th/heartwarming/smile-brush-my-old-pictures/list?title_no=407,อบอุ่นหัวใจ,9.55,39700.0,55.0,จบแล้ว,จบแล้ว,1528.29
งานเยอะ เรื่องแยะ,yangchikii,96062.0,https://www.webtoons.com/th/slice-of-life/job-onecut/list?title_no=897,ชีวิตประจำวัน,8.13,48300.0,63.0,จบแล้ว,จบแล้ว,1524.79
HOPEfully soon,INVERT,21809.0,https://www.webtoons.com/th/romance/hopefully-soon/list?title_no=2417,โรแมนซ์,9.72,22200.0,17.0,วันเสาร์,ยังไม่จบ,1282.88
เล่าเรื่องพ่อ The Series,Various Artists,45716.0,https://www.webtoons.com/th/heartwarming/the-story-of-the-king-rama-9/list?title_no=890,อบอุ่นหัวใจ,9.88,50600.0,6.0,จบแล้ว,จบแล้ว,7619.33
จิงเกิ้ลจังเกิ้ล เพื่อนป่าฮาเฮ,ยงจิน คิม,30624.0,https://www.webtoons.com/th/heartwarming/jingle-jungle/list?title_no=331,อบอุ่นหัวใจ,8.97,15100.0,101.0,จบแล้ว,จบแล้ว,303.21
STAY HOME STAY SAFE,WEBTOON,70180.0,https://www.webtoons.com/th/tiptoon/stay-strong/list?title_no=1970,ทิปตูน,9.83,27600.0,30.0,จบแล้ว,จบแล้ว,2339.33
แฮปปี้ควอกก้า,WEBTOON,69645.0,https://www.webtoons.com/th/tiptoon/got/list?title_no=1774,ทิปตูน,9.31,51300.0,42.0,วันอังคาร,ยังไม่จบ,1658.21
